
SET statement_timeout = 0;
SET lock_timeout = 0;
SET idle_in_transaction_session_timeout = 0;
SET client_encoding = 'UTF8';
SET standard_conforming_strings = on;
SELECT pg_catalog.set_config('search_path', '', false);
SET check_function_bodies = false;
SET xmloption = content;
SET client_min_messages = warning;
SET row_security = off;



INSERT INTO public.ospedale VALUES ('0000000001', 'LA FONDAZIONE DI A.BORGHI & C.-BREBBIA', 'VIA PETRARCA, 33 - 21026 Brebbia (Varese)', 'in attività', NULL);
INSERT INTO public.ospedale VALUES ('0000000002', 'A.O. "BOLOGNINI" - SERIATE', 'VIA MAZZINI, 88 - 24022 Alzano lombardo (Bergamo)', 'in attività', NULL);
INSERT INTO public.ospedale VALUES ('0000000003', 'A.O. LUIGI SACCO', 'VIA GIOVAN BATTISTA GRASSI 74 - 20157 Milano (Milano)', 'in attività', NULL);
INSERT INTO public.ospedale VALUES ('0000000004', 'A.O. OSP.NIGUARDA CA-GRANDA', 'PIAZZA OSPEDALE MAGGIORE 3 - 20162 Milano (Milano)', 'in attività', NULL);
INSERT INTO public.ospedale VALUES ('0000000005', 'A.O. S.CARLO BORROMEO', 'VIA PIO II 3 - 20153 Milano (Milano)', 'in attività', NULL);
INSERT INTO public.ospedale VALUES ('0000000006', 'A.O. SAN PAOLO', 'VIA A. DI RUDINì, 8 - 20142 Milano (Milano)', 'in attività', NULL);
INSERT INTO public.ospedale VALUES ('0000000007', 'LA FONDAZIONE DEL TAL DEI TALI', 'VIA GIOVANNI TAL DEI TALI, 33 - 20099 novenove(MI)', 'chiuso', NULL);
INSERT INTO public.ospedale VALUES ('0000000008', 'A.O. OSPEDALE MAGGIORE', 'LARGO UGO DOSSENA, 2 - 26013 Crema (Cremona)', 'in attività', NULL);
INSERT INTO public.ospedale VALUES ('0000000009', 'A.O. FATEBENEFRATELLI E OFTALMICO', 'VIA MACEDONIO MELLONI 52 - 20129 Milano (Milano)', 'in attività', NULL);
INSERT INTO public.ospedale VALUES ('0000000010', 'A.O. OSP.TREVIGLIO CARAVAGGIO', 'PIAZZALE OSPEDALE 1 - 24047 Treviglio (Bergamo)', 'in attività', NULL);
INSERT INTO public.ospedale VALUES ('0000000011', 'CENTRO CARDIOLOGICO SPA FOND. MONZINO', 'VIA CARLO PAREA, 4 - 20138 Milano (Milano)', 'in attività', NULL);
INSERT INTO public.ospedale VALUES ('0000000012', 'ISTITUTO EUROPEO DI ONCOLOGIA', 'VIA RIPAMONTI, 435 - 20141 Milano (Milano)', 'in attività', NULL);



INSERT INTO public.personalereparto VALUES ('OSRP00000079', 'grigio', 'andrea', '1951-07-07', 'dipendente');
INSERT INTO public.personalereparto VALUES ('OSRP00000080', 'rosa', 'alessio', '1950-01-16', 'dipendente');
INSERT INTO public.personalereparto VALUES ('OSRP00000098', 'blu', 'alessio', '1951-03-12', 'dipendente');
INSERT INTO public.personalereparto VALUES ('PMRP00000019', 'grigio', 'andrea', '1979-07-02', 'dipendente');
INSERT INTO public.personalereparto VALUES ('VPRP00000020', 'rosa', 'alessio', '1977-10-18', 'dipendente');
INSERT INTO public.personalereparto VALUES ('PMRP00000021', 'bluastro', 'antonio', '1978-06-20', 'dipendente');
INSERT INTO public.personalereparto VALUES ('PMRP00000022', 'rossiccio', 'beatrice', '1978-10-02', 'dipendente');
INSERT INTO public.personalereparto VALUES ('PMRP00000025', 'blue', 'sara', '1941-02-25', 'dipendente');
INSERT INTO public.personalereparto VALUES ('PRRP00000026', 'blu', 'alessandra', '1940-08-07', 'dipendente');
INSERT INTO public.personalereparto VALUES ('PMRP00000027', 'verde', 'alessia', '1980-03-20', 'dipendente');
INSERT INTO public.personalereparto VALUES ('PMRP00000028', 'arancione', 'alessio', '1966-06-08', 'dipendente');
INSERT INTO public.personalereparto VALUES ('PMRP00000030', 'magenta', 'alessio', '1980-10-22', 'dipendente');
INSERT INTO public.personalereparto VALUES ('AMRP00000037', 'blue', 'alessia', '1954-03-10', 'dipendente');
INSERT INTO public.personalereparto VALUES ('AMRP00000057', 'bluastro', 'alessia', '1959-09-09', 'dipendente');
INSERT INTO public.personalereparto VALUES ('VPRP00000059', 'rosso', 'andrea', '1971-05-23', 'dipendente');
INSERT INTO public.personalereparto VALUES ('AMRP00000063', 'verde', 'isabella', '1958-08-09', 'dipendente');
INSERT INTO public.personalereparto VALUES ('AMRP00000064', 'arancione', 'aurora', '1985-11-03', 'dipendente');
INSERT INTO public.personalereparto VALUES ('PRRP00000067', 'grigio', 'alessia', '1950-10-19', 'dipendente');
INSERT INTO public.personalereparto VALUES ('PRRP00000071', 'rosso', 'antonio', '1981-04-21', 'dipendente');
INSERT INTO public.personalereparto VALUES ('VPRP00000072', 'giallo', 'beatrice', '1978-08-02', 'dipendente');
INSERT INTO public.personalereparto VALUES ('PRRP00000073', 'blue', 'isabella', '1958-06-20', 'dipendente');
INSERT INTO public.personalereparto VALUES ('VPRP00000077', 'viola', 'alessia', '1941-12-23', 'dipendente');
INSERT INTO public.personalereparto VALUES ('VPRP11111111', 'rosso', 'alessio', '1955-01-01', 'in pensione');
INSERT INTO public.personalereparto VALUES ('PRRP11111111', 'rosa', 'alessandro', '1955-01-01', 'in pensione');
INSERT INTO public.personalereparto VALUES ('AMRP00000083', 'rosso', 'isabella', '1941-10-22', 'disoccupato');
INSERT INTO public.personalereparto VALUES ('AMRP00000069', 'bluastro', 'andrea', '1989-06-03', 'disoccupato');
INSERT INTO public.personalereparto VALUES ('VPRP10000000', 'NUOVOVP', 'alessio', NULL, 'dipendente');
INSERT INTO public.personalereparto VALUES ('PRRP10000000', 'NUOVOPR', 'alessandro', NULL, 'disoccupato');
INSERT INTO public.personalereparto VALUES ('MDRP10000000', 'NUOVOMD', 'giulio', NULL, 'disoccupato');
INSERT INTO public.personalereparto VALUES ('PMRP10000000', 'NUOVOPM', 'marco', NULL, 'disoccupato');
INSERT INTO public.personalereparto VALUES ('AMRP10000000', 'NUOVOAM', 'matteo', NULL, 'disoccupato');
INSERT INTO public.personalereparto VALUES ('OSRP10000000', 'NUOVOOS', 'riccardo', NULL, 'disoccupato');
INSERT INTO public.personalereparto VALUES ('VPRP0000005', 'viola', 'sara', '1941-05-13', 'dipendente');
INSERT INTO public.personalereparto VALUES ('AMRP0000008', 'rosa', 'alessio', '1954-10-26', 'disoccupato');
INSERT INTO public.personalereparto VALUES ('PMRP00000029', 'viola', 'andrea', '1967-08-03', 'disoccupato');
INSERT INTO public.personalereparto VALUES ('PMRP00000058', 'rossiccio', 'alessio', '1974-06-02', 'disoccupato');
INSERT INTO public.personalereparto VALUES ('PMRP00000061', 'blue', 'antonio', '1947-03-11', 'disoccupato');
INSERT INTO public.personalereparto VALUES ('AMRP00000062', 'blu', 'beatrice', '1974-06-14', 'disoccupato');
INSERT INTO public.personalereparto VALUES ('PMRP00000074', 'blu', 'aurora', '1953-11-06', 'disoccupato');
INSERT INTO public.personalereparto VALUES ('AMRP00000075', 'verde', 'sara', '1974-10-23', 'disoccupato');
INSERT INTO public.personalereparto VALUES ('AMRP00000084', 'giallo', 'aurora', '1962-06-17', 'disoccupato');
INSERT INTO public.personalereparto VALUES ('PMRP00000085', 'blue', 'sara', '1954-03-11', 'disoccupato');
INSERT INTO public.personalereparto VALUES ('OSRP00000088', 'arancione', 'alessio', '1949-11-05', 'disoccupato');
INSERT INTO public.personalereparto VALUES ('AMRP00000090', 'magenta', 'alessio', '1946-02-20', 'disoccupato');
INSERT INTO public.personalereparto VALUES ('MDRP00000078', 'magenta', 'alessio', '1981-02-22', 'disoccupato');
INSERT INTO public.personalereparto VALUES ('MDRP0000001', 'blue', 'antonio', '1951-05-08', 'dipendente');
INSERT INTO public.personalereparto VALUES ('MDRP0000004', 'arancione', 'aurora', '1985-06-16', 'dipendente');
INSERT INTO public.personalereparto VALUES ('MDRP00000014', 'blu', 'aurora', '1942-05-02', 'dipendente');
INSERT INTO public.personalereparto VALUES ('MDRP00000023', 'rosso', 'isabella', '1945-08-23', 'dipendente');
INSERT INTO public.personalereparto VALUES ('MDRP00000024', 'giallo', 'aurora', '1946-08-07', 'dipendente');
INSERT INTO public.personalereparto VALUES ('MDRP00000042', 'magenta', 'beatrice', '1960-03-06', 'dipendente');
INSERT INTO public.personalereparto VALUES ('OSRP00000068', 'rosa', 'alessio', '1979-02-11', 'dipendente');
INSERT INTO public.personalereparto VALUES ('OSRP00000076', 'arancione', 'alessandra', '1977-11-13', 'dipendente');
INSERT INTO public.personalereparto VALUES ('OSRP00000086', 'blu', 'alessandra', '1957-05-27', 'dipendente');
INSERT INTO public.personalereparto VALUES ('OSRP00000087', 'verde', 'alessia', '1958-01-10', 'dipendente');
INSERT INTO public.personalereparto VALUES ('OSRP00000089', 'viola', 'andrea', '1969-05-27', 'dipendente');
INSERT INTO public.personalereparto VALUES ('AMRP0000000', 'giallo', 'alessio', '1982-03-22', 'dipendente');
INSERT INTO public.personalereparto VALUES ('VPRP0000006', 'magenta', 'alessandra', '1979-04-15', 'dipendente');
INSERT INTO public.personalereparto VALUES ('VPRP0000007', 'grigio', 'alessia', '1975-02-16', 'dipendente');
INSERT INTO public.personalereparto VALUES ('VPRP00000013', 'blue', 'isabella', '1946-06-22', 'dipendente');
INSERT INTO public.personalereparto VALUES ('PRRP00000015', 'verde', 'sara', '1960-02-15', 'dipendente');
INSERT INTO public.personalereparto VALUES ('VPRP00000016', 'arancione', 'alessandra', '1963-10-21', 'dipendente');
INSERT INTO public.personalereparto VALUES ('VPRP00000017', 'viola', 'alessia', '1985-06-26', 'dipendente');
INSERT INTO public.personalereparto VALUES ('AMRP00000018', 'magenta', 'alessio', '1960-07-26', 'dipendente');
INSERT INTO public.personalereparto VALUES ('PMRP00000044', 'rosa', 'aurora', '1964-06-16', 'disoccupato');
INSERT INTO public.personalereparto VALUES ('PMRP0000002', 'blu', 'beatrice', '1947-11-04', 'dipendente');
INSERT INTO public.personalereparto VALUES ('PRRP0000009', 'bluastro', 'andrea', '1961-06-18', 'dipendente');
INSERT INTO public.personalereparto VALUES ('VPRP00000011', 'rosso', 'antonio', '1971-10-08', 'dipendente');
INSERT INTO public.personalereparto VALUES ('PMRP00000032', 'rosa', 'beatrice', '1975-03-21', 'dipendente');
INSERT INTO public.personalereparto VALUES ('PRRP00000034', 'rossiccio', 'aurora', '1969-08-23', 'dipendente');
INSERT INTO public.personalereparto VALUES ('PMRP00000035', 'rosso', 'sara', '1955-02-13', 'dipendente');
INSERT INTO public.personalereparto VALUES ('AMRP00000036', 'giallo', 'alessandra', '1966-06-11', 'dipendente');
INSERT INTO public.personalereparto VALUES ('VPRP00000038', 'blu', 'alessio', '1978-03-12', 'dipendente');
INSERT INTO public.personalereparto VALUES ('PRRP00000041', 'viola', 'antonio', '1981-04-20', 'dipendente');
INSERT INTO public.personalereparto VALUES ('VPRP00000043', 'grigio', 'isabella', '1944-03-02', 'dipendente');
INSERT INTO public.personalereparto VALUES ('PRRP00000046', 'rossiccio', 'alessandra', '1968-04-07', 'dipendente');
INSERT INTO public.personalereparto VALUES ('VPRP00000048', 'giallo', 'alessio', '1983-10-04', 'dipendente');
INSERT INTO public.personalereparto VALUES ('AMRP00000049', 'blue', 'andrea', '1979-03-04', 'dipendente');
INSERT INTO public.personalereparto VALUES ('PRRP00000051', 'verde', 'antonio', '1954-09-23', 'dipendente');
INSERT INTO public.personalereparto VALUES ('AMRP00000053', 'viola', 'isabella', '1989-09-26', 'dipendente');
INSERT INTO public.personalereparto VALUES ('VPRP00000054', 'magenta', 'aurora', '1954-09-19', 'dipendente');
INSERT INTO public.personalereparto VALUES ('VPRP00000055', 'grigio', 'sara', '1969-04-18', 'dipendente');
INSERT INTO public.personalereparto VALUES ('PRRP00000056', 'rosa', 'alessandra', '1978-09-06', 'dipendente');
INSERT INTO public.personalereparto VALUES ('VPRP00000066', 'magenta', 'alessandra', '1942-04-03', 'dipendente');
INSERT INTO public.personalereparto VALUES ('PRRP00000070', 'rossiccio', 'alessio', '1967-08-25', 'dipendente');
INSERT INTO public.personalereparto VALUES ('VPRP00000081', 'bluastro', 'antonio', '1956-09-06', 'dipendente');
INSERT INTO public.personalereparto VALUES ('VPRP00000082', 'rossiccio', 'beatrice', '1959-09-03', 'dipendente');
INSERT INTO public.personalereparto VALUES ('PRRP00000091', 'grigio', 'antonio', '1975-05-06', 'dipendente');
INSERT INTO public.personalereparto VALUES ('PRRP00000092', 'rosa', 'beatrice', '1954-05-23', 'dipendente');
INSERT INTO public.personalereparto VALUES ('PRRP00000093', 'bluastro', 'isabella', '1980-06-07', 'dipendente');
INSERT INTO public.personalereparto VALUES ('VPRP00000094', 'rossiccio', 'aurora', '1944-08-07', 'dipendente');
INSERT INTO public.personalereparto VALUES ('VPRP00000095', 'rosso', 'sara', '1980-11-13', 'dipendente');
INSERT INTO public.personalereparto VALUES ('VPRP00000096', 'giallo', 'alessandra', '1952-08-12', 'dipendente');
INSERT INTO public.personalereparto VALUES ('PRRP00000097', 'blue', 'alessia', '1989-11-27', 'dipendente');
INSERT INTO public.personalereparto VALUES ('MDRP0000003', 'verde', 'isabella', '1987-07-03', 'dipendente');
INSERT INTO public.personalereparto VALUES ('MDRP00000010', 'rossiccio', 'alessio', '1945-02-05', 'dipendente');
INSERT INTO public.personalereparto VALUES ('MDRP00000012', 'giallo', 'beatrice', '1983-10-06', 'dipendente');
INSERT INTO public.personalereparto VALUES ('MDRP00000031', 'grigio', 'antonio', '1974-04-10', 'dipendente');
INSERT INTO public.personalereparto VALUES ('MDRP00000033', 'bluastro', 'isabella', '1971-09-17', 'dipendente');
INSERT INTO public.personalereparto VALUES ('MDRP00000039', 'verde', 'andrea', '1976-07-02', 'dipendente');
INSERT INTO public.personalereparto VALUES ('MDRP00000040', 'arancione', 'alessio', '1967-09-08', 'dipendente');
INSERT INTO public.personalereparto VALUES ('MDRP00000045', 'bluastro', 'sara', '1953-02-04', 'dipendente');
INSERT INTO public.personalereparto VALUES ('MDRP00000052', 'arancione', 'beatrice', '1964-07-18', 'dipendente');
INSERT INTO public.personalereparto VALUES ('OSRP00000065', 'viola', 'sara', '1984-02-16', 'dipendente');
INSERT INTO public.personalereparto VALUES ('PMRP00000047', 'rosso', 'alessia', '1951-10-20', 'disoccupato');
INSERT INTO public.personalereparto VALUES ('PMRP00000050', 'blu', 'alessio', '1985-05-16', 'disoccupato');
INSERT INTO public.personalereparto VALUES ('MDRP00000099', 'blu', 'daniele', '1978-11-24', 'disoccupato');

INSERT INTO public.reparto VALUES ('chirurgia senologica', '0000000001', 'in attività');
INSERT INTO public.reparto VALUES ('chirurgia vascolare', '0000000001', 'in attività');
INSERT INTO public.reparto VALUES ('malattie infettive', '0000000001', 'in attività');
INSERT INTO public.reparto VALUES ('medicina nucleare', '0000000001', 'in attività');
INSERT INTO public.reparto VALUES ('cardiologia', '0000000001', 'in attività');
INSERT INTO public.reparto VALUES ('chirurgia senologica', '0000000002', 'in attività');
INSERT INTO public.reparto VALUES ('cardiologia', '0000000002', 'in attività');
INSERT INTO public.reparto VALUES ('chirurgia vascolare', '0000000002', 'in attività');
INSERT INTO public.reparto VALUES ('malattie infettive', '0000000002', 'in attività');
INSERT INTO public.reparto VALUES ('medicina nucleare', '0000000002', 'in attività');
INSERT INTO public.reparto VALUES ('chirurgia vascolare', '0000000003', 'in attività');
INSERT INTO public.reparto VALUES ('chirurgia senologica', '0000000003', 'in attività');
INSERT INTO public.reparto VALUES ('malattie infettive', '0000000003', 'in attività');
INSERT INTO public.reparto VALUES ('cardiologia', '0000000003', 'in attività');
INSERT INTO public.reparto VALUES ('medicina nucleare', '0000000003', 'in attività');
INSERT INTO public.reparto VALUES ('chirurgia senologica', '0000000004', 'in attività');
INSERT INTO public.reparto VALUES ('cardiologia', '0000000004', 'in attività');
INSERT INTO public.reparto VALUES ('chirurgia vascolare', '0000000004', 'in attività');
INSERT INTO public.reparto VALUES ('malattie infettive', '0000000004', 'in attività');
INSERT INTO public.reparto VALUES ('medicina nucleare', '0000000004', 'in attività');
INSERT INTO public.reparto VALUES ('cardiologia', '0000000005', 'in attività');
INSERT INTO public.reparto VALUES ('chirurgia senologica', '0000000005', 'in attività');
INSERT INTO public.reparto VALUES ('chirurgia vascolare', '0000000005', 'in attività');
INSERT INTO public.reparto VALUES ('malattie infettive', '0000000005', 'in attività');
INSERT INTO public.reparto VALUES ('medicina nucleare', '0000000005', 'in attività');
INSERT INTO public.reparto VALUES ('chirurgia senologica', '0000000006', 'in attività');
INSERT INTO public.reparto VALUES ('chirurgia vascolare', '0000000006', 'in attività');
INSERT INTO public.reparto VALUES ('malattie infettive', '0000000006', 'in attività');
INSERT INTO public.reparto VALUES ('medicina nucleare', '0000000006', 'in attività');
INSERT INTO public.reparto VALUES ('cardiologia', '0000000006', 'in attività');
INSERT INTO public.reparto VALUES ('chirurgia senologica', '0000000008', 'in attività');
INSERT INTO public.reparto VALUES ('cardiologia', '0000000008', 'in attività');
INSERT INTO public.reparto VALUES ('chirurgia vascolare', '0000000008', 'in attività');
INSERT INTO public.reparto VALUES ('malattie infettive', '0000000008', 'in attività');
INSERT INTO public.reparto VALUES ('medicina nucleare', '0000000008', 'in attività');
INSERT INTO public.reparto VALUES ('chirurgia vascolare', '0000000009', 'in attività');
INSERT INTO public.reparto VALUES ('chirurgia senologica', '0000000009', 'in attività');
INSERT INTO public.reparto VALUES ('malattie infettive', '0000000009', 'in attività');
INSERT INTO public.reparto VALUES ('cardiologia', '0000000009', 'in attività');
INSERT INTO public.reparto VALUES ('medicina nucleare', '0000000009', 'in attività');
INSERT INTO public.reparto VALUES ('chirurgia senologica', '0000000010', 'in attività');
INSERT INTO public.reparto VALUES ('cardiologia', '0000000010', 'in attività');
INSERT INTO public.reparto VALUES ('chirurgia vascolare', '0000000010', 'in attività');
INSERT INTO public.reparto VALUES ('malattie infettive', '0000000010', 'in attività');
INSERT INTO public.reparto VALUES ('medicina nucleare', '0000000010', 'in attività');
INSERT INTO public.reparto VALUES ('cardiologia', '0000000011', 'in attività');
INSERT INTO public.reparto VALUES ('chirurgia senologica', '0000000011', 'in attività');
INSERT INTO public.reparto VALUES ('chirurgia vascolare', '0000000011', 'in attività');
INSERT INTO public.reparto VALUES ('malattie infettive', '0000000011', 'in attività');
INSERT INTO public.reparto VALUES ('medicina nucleare', '0000000011', 'in attività');
INSERT INTO public.reparto VALUES ('chirurgia senologica', '0000000012', 'in attività');
INSERT INTO public.reparto VALUES ('chirurgia vascolare', '0000000012', 'in attività');
INSERT INTO public.reparto VALUES ('malattie infettive', '0000000012', 'in attività');
INSERT INTO public.reparto VALUES ('medicina nucleare', '0000000012', 'in attività');
INSERT INTO public.reparto VALUES ('cardiologia', '0000000012', 'in attività');
INSERT INTO public.reparto VALUES ('chirurgia senologica', '0000000007', 'chiuso');
INSERT INTO public.reparto VALUES ('chirurgia vascolare', '0000000007', 'chiuso');
INSERT INTO public.reparto VALUES ('malattie infettive', '0000000007', 'chiuso');
INSERT INTO public.reparto VALUES ('medicina nucleare', '0000000007', 'chiuso');
INSERT INTO public.reparto VALUES ('cardiologia', '0000000007', 'chiuso');



INSERT INTO public.afferenzareparto VALUES ('cardiologia', '0000000001', 'PRRP00000015', '1986-10-25', NULL);
INSERT INTO public.afferenzareparto VALUES ('malattie infettive', '0000000001', 'PRRP00000026', '1965-11-10', NULL);
INSERT INTO public.afferenzareparto VALUES ('cardiologia', '0000000002', 'PRRP00000034', '1994-07-22', NULL);
INSERT INTO public.afferenzareparto VALUES ('medicina nucleare', '0000000002', 'PRRP00000041', '2005-06-01', NULL);
INSERT INTO public.afferenzareparto VALUES ('malattie infettive', '0000000003', 'PRRP00000046', '1996-02-07', NULL);
INSERT INTO public.afferenzareparto VALUES ('chirurgia vascolare', '0000000004', 'PRRP00000051', '1978-04-20', NULL);
INSERT INTO public.afferenzareparto VALUES ('malattie infettive', '0000000004', 'PRRP00000056', '2003-10-03', NULL);
INSERT INTO public.afferenzareparto VALUES ('chirurgia senologica', '0000000005', 'PRRP00000067', '1978-03-16', NULL);
INSERT INTO public.afferenzareparto VALUES ('medicina nucleare', '0000000005', 'PRRP00000070', '1993-05-01', NULL);
INSERT INTO public.afferenzareparto VALUES ('malattie infettive', '0000000006', 'PRRP00000071', '2008-08-21', NULL);
INSERT INTO public.afferenzareparto VALUES ('cardiologia', '0000000007', 'PRRP00000073', '1984-07-03', NULL);
INSERT INTO public.afferenzareparto VALUES ('malattie infettive', '0000000007', 'PRRP0000009', '1988-10-11', NULL);
INSERT INTO public.afferenzareparto VALUES ('cardiologia', '0000000008', 'PRRP00000091', '2000-04-06', NULL);
INSERT INTO public.afferenzareparto VALUES ('medicina nucleare', '0000000008', 'PRRP00000092', '1979-07-11', NULL);
INSERT INTO public.afferenzareparto VALUES ('malattie infettive', '0000000009', 'PRRP00000093', '2007-11-01', NULL);
INSERT INTO public.afferenzareparto VALUES ('chirurgia senologica', '0000000010', 'PRRP00000097', '2014-02-08', NULL);
INSERT INTO public.afferenzareparto VALUES ('chirurgia senologica', '0000000001', 'VPRP00000013', '1976-05-01', NULL);
INSERT INTO public.afferenzareparto VALUES ('cardiologia', '0000000007', 'VPRP00000072', '2008-08-26', NULL);
INSERT INTO public.afferenzareparto VALUES ('cardiologia', '0000000002', 'VPRP00000017', '2015-03-21', NULL);
INSERT INTO public.afferenzareparto VALUES ('medicina nucleare', '0000000007', 'VPRP00000081', '1986-01-12', NULL);
INSERT INTO public.afferenzareparto VALUES ('chirurgia vascolare', '0000000006', 'VPRP00000066', '1972-06-15', NULL);
INSERT INTO public.afferenzareparto VALUES ('medicina nucleare', '0000000005', 'VPRP0000006', '2009-06-03', NULL);
INSERT INTO public.afferenzareparto VALUES ('medicina nucleare', '0000000006', 'VPRP0000007', '2005-05-19', NULL);
INSERT INTO public.afferenzareparto VALUES ('chirurgia vascolare', '0000000001', 'VPRP00000016', '1993-07-20', NULL);
INSERT INTO public.afferenzareparto VALUES ('cardiologia', '0000000005', 'VPRP00000055', '1999-10-27', NULL);
INSERT INTO public.afferenzareparto VALUES ('malattie infettive', '0000000003', 'VPRP00000043', '1974-05-10', NULL);
INSERT INTO public.afferenzareparto VALUES ('medicina nucleare', '0000000003', 'VPRP00000048', '2013-10-28', NULL);
INSERT INTO public.afferenzareparto VALUES ('chirurgia vascolare', '0000000003', 'VPRP00000038', '2008-09-23', NULL);
INSERT INTO public.afferenzareparto VALUES ('chirurgia vascolare', '0000000009', 'VPRP00000095', '2010-05-11', NULL);
INSERT INTO public.afferenzareparto VALUES ('chirurgia vascolare', '0000000005', 'VPRP00000059', '2001-07-18', NULL);
INSERT INTO public.afferenzareparto VALUES ('malattie infettive', '0000000008', 'VPRP00000094', '1974-03-13', NULL);
INSERT INTO public.afferenzareparto VALUES ('cardiologia', '0000000008', 'VPRP00000082', '1989-05-12', NULL);
INSERT INTO public.afferenzareparto VALUES ('malattie infettive', '0000000008', 'VPRP10000000', '2022-07-17', NULL);
INSERT INTO public.afferenzareparto VALUES ('chirurgia senologica', '0000000004', 'VPRP0000005', '1971-08-06', NULL);
INSERT INTO public.afferenzareparto VALUES ('malattie infettive', '0000000004', 'VPRP00000054', '1984-11-18', NULL);
INSERT INTO public.afferenzareparto VALUES ('cardiologia', '0000000001', 'VPRP00000011', '2001-05-08', NULL);
INSERT INTO public.afferenzareparto VALUES ('chirurgia vascolare', '0000000007', 'VPRP00000077', '1971-09-11', NULL);
INSERT INTO public.afferenzareparto VALUES ('malattie infettive', '0000000002', 'VPRP00000020', '2007-06-13', NULL);
INSERT INTO public.afferenzareparto VALUES ('malattie infettive', '0000000009', 'VPRP00000096', '1982-06-02', NULL);
INSERT INTO public.afferenzareparto VALUES ('cardiologia', '0000000004', 'MDRP0000001', '2022-09-16', NULL);
INSERT INTO public.afferenzareparto VALUES ('cardiologia', '0000000008', 'MDRP00000010', '2022-09-16', NULL);
INSERT INTO public.afferenzareparto VALUES ('cardiologia', '0000000012', 'MDRP00000012', '2022-09-16', NULL);
INSERT INTO public.afferenzareparto VALUES ('chirurgia senologica', '0000000004', 'MDRP00000014', '2022-09-16', NULL);
INSERT INTO public.afferenzareparto VALUES ('chirurgia senologica', '0000000008', 'MDRP00000023', '2022-09-16', NULL);
INSERT INTO public.afferenzareparto VALUES ('chirurgia senologica', '0000000012', 'MDRP00000024', '2022-09-16', NULL);
INSERT INTO public.afferenzareparto VALUES ('chirurgia vascolare', '0000000004', 'MDRP0000003', '2022-09-16', NULL);
INSERT INTO public.afferenzareparto VALUES ('chirurgia vascolare', '0000000008', 'MDRP00000031', '2022-09-16', NULL);
INSERT INTO public.afferenzareparto VALUES ('chirurgia vascolare', '0000000012', 'MDRP00000033', '2022-09-16', NULL);
INSERT INTO public.afferenzareparto VALUES ('malattie infettive', '0000000004', 'MDRP00000039', '2022-09-16', NULL);
INSERT INTO public.afferenzareparto VALUES ('malattie infettive', '0000000008', 'MDRP0000004', '2022-09-16', NULL);
INSERT INTO public.afferenzareparto VALUES ('malattie infettive', '0000000012', 'MDRP00000040', '2022-09-16', NULL);
INSERT INTO public.afferenzareparto VALUES ('medicina nucleare', '0000000004', 'MDRP00000042', '2022-09-16', NULL);
INSERT INTO public.afferenzareparto VALUES ('medicina nucleare', '0000000008', 'MDRP00000045', '2022-09-16', NULL);
INSERT INTO public.afferenzareparto VALUES ('medicina nucleare', '0000000012', 'MDRP00000052', '2022-09-16', NULL);
INSERT INTO public.afferenzareparto VALUES ('cardiologia', '0000000001', 'PMRP00000019', '2003-03-26', NULL);
INSERT INTO public.afferenzareparto VALUES ('chirurgia senologica', '0000000001', 'PMRP00000019', '2003-03-26', NULL);
INSERT INTO public.afferenzareparto VALUES ('chirurgia vascolare', '0000000001', 'PMRP00000019', '2003-03-26', NULL);
INSERT INTO public.afferenzareparto VALUES ('malattie infettive', '0000000001', 'PMRP00000019', '2003-03-26', NULL);
INSERT INTO public.afferenzareparto VALUES ('medicina nucleare', '0000000001', 'PMRP00000019', '2003-03-26', NULL);
INSERT INTO public.afferenzareparto VALUES ('cardiologia', '0000000002', 'PMRP0000002', '1971-09-07', NULL);
INSERT INTO public.afferenzareparto VALUES ('chirurgia senologica', '0000000002', 'PMRP0000002', '1971-09-07', NULL);
INSERT INTO public.afferenzareparto VALUES ('chirurgia vascolare', '0000000002', 'PMRP0000002', '1971-09-07', NULL);
INSERT INTO public.afferenzareparto VALUES ('malattie infettive', '0000000002', 'PMRP0000002', '1971-09-07', NULL);
INSERT INTO public.afferenzareparto VALUES ('medicina nucleare', '0000000002', 'PMRP0000002', '1971-09-07', NULL);
INSERT INTO public.afferenzareparto VALUES ('cardiologia', '0000000003', 'PMRP00000021', '2002-07-16', NULL);
INSERT INTO public.afferenzareparto VALUES ('chirurgia senologica', '0000000003', 'PMRP00000021', '2002-07-16', NULL);
INSERT INTO public.afferenzareparto VALUES ('chirurgia vascolare', '0000000003', 'PMRP00000021', '2002-07-16', NULL);
INSERT INTO public.afferenzareparto VALUES ('malattie infettive', '0000000003', 'PMRP00000021', '2002-07-16', NULL);
INSERT INTO public.afferenzareparto VALUES ('medicina nucleare', '0000000003', 'PMRP00000021', '2002-07-16', NULL);
INSERT INTO public.afferenzareparto VALUES ('cardiologia', '0000000004', 'PMRP00000022', '2002-04-20', NULL);
INSERT INTO public.afferenzareparto VALUES ('chirurgia senologica', '0000000004', 'PMRP00000022', '2002-04-20', NULL);
INSERT INTO public.afferenzareparto VALUES ('chirurgia vascolare', '0000000004', 'PMRP00000022', '2002-04-20', NULL);
INSERT INTO public.afferenzareparto VALUES ('malattie infettive', '0000000004', 'PMRP00000022', '2002-04-20', NULL);
INSERT INTO public.afferenzareparto VALUES ('medicina nucleare', '0000000004', 'PMRP00000022', '2002-04-20', NULL);
INSERT INTO public.afferenzareparto VALUES ('cardiologia', '0000000005', 'PMRP00000025', '1965-07-09', NULL);
INSERT INTO public.afferenzareparto VALUES ('chirurgia senologica', '0000000005', 'PMRP00000025', '1965-07-09', NULL);
INSERT INTO public.afferenzareparto VALUES ('chirurgia vascolare', '0000000005', 'PMRP00000025', '1965-07-09', NULL);
INSERT INTO public.afferenzareparto VALUES ('malattie infettive', '0000000005', 'PMRP00000025', '1965-07-09', NULL);
INSERT INTO public.afferenzareparto VALUES ('medicina nucleare', '0000000005', 'PMRP00000025', '1965-07-09', NULL);
INSERT INTO public.afferenzareparto VALUES ('cardiologia', '0000000006', 'PMRP00000027', '2004-07-18', NULL);
INSERT INTO public.afferenzareparto VALUES ('chirurgia senologica', '0000000006', 'PMRP00000027', '2004-07-18', NULL);
INSERT INTO public.afferenzareparto VALUES ('chirurgia vascolare', '0000000006', 'PMRP00000027', '2004-07-18', NULL);
INSERT INTO public.afferenzareparto VALUES ('malattie infettive', '0000000006', 'PMRP00000027', '2004-07-18', NULL);
INSERT INTO public.afferenzareparto VALUES ('medicina nucleare', '0000000006', 'PMRP00000027', '2004-07-18', NULL);
INSERT INTO public.afferenzareparto VALUES ('cardiologia', '0000000008', 'PMRP00000028', '1990-09-14', NULL);
INSERT INTO public.afferenzareparto VALUES ('chirurgia senologica', '0000000008', 'PMRP00000028', '1990-09-14', NULL);
INSERT INTO public.afferenzareparto VALUES ('chirurgia vascolare', '0000000008', 'PMRP00000028', '1990-09-14', NULL);
INSERT INTO public.afferenzareparto VALUES ('malattie infettive', '0000000008', 'PMRP00000028', '1990-09-14', NULL);
INSERT INTO public.afferenzareparto VALUES ('medicina nucleare', '0000000008', 'PMRP00000028', '1990-09-14', NULL);
INSERT INTO public.afferenzareparto VALUES ('cardiologia', '0000000009', 'PMRP00000030', '2004-02-06', NULL);
INSERT INTO public.afferenzareparto VALUES ('chirurgia senologica', '0000000009', 'PMRP00000030', '2004-02-06', NULL);
INSERT INTO public.afferenzareparto VALUES ('chirurgia vascolare', '0000000009', 'PMRP00000030', '2004-02-06', NULL);
INSERT INTO public.afferenzareparto VALUES ('malattie infettive', '0000000009', 'PMRP00000030', '2004-02-06', NULL);
INSERT INTO public.afferenzareparto VALUES ('medicina nucleare', '0000000009', 'PMRP00000030', '2004-02-06', NULL);
INSERT INTO public.afferenzareparto VALUES ('cardiologia', '0000000010', 'PMRP00000032', '1999-07-19', NULL);
INSERT INTO public.afferenzareparto VALUES ('chirurgia senologica', '0000000010', 'PMRP00000032', '1999-07-19', NULL);
INSERT INTO public.afferenzareparto VALUES ('chirurgia vascolare', '0000000010', 'PMRP00000032', '1999-07-19', NULL);
INSERT INTO public.afferenzareparto VALUES ('malattie infettive', '0000000010', 'PMRP00000032', '1999-07-19', NULL);
INSERT INTO public.afferenzareparto VALUES ('medicina nucleare', '0000000010', 'PMRP00000032', '1999-07-19', NULL);
INSERT INTO public.afferenzareparto VALUES ('cardiologia', '0000000011', 'PMRP00000035', '1979-07-12', NULL);
INSERT INTO public.afferenzareparto VALUES ('chirurgia senologica', '0000000011', 'PMRP00000035', '1979-07-12', NULL);
INSERT INTO public.afferenzareparto VALUES ('chirurgia vascolare', '0000000011', 'PMRP00000035', '1979-07-12', NULL);
INSERT INTO public.afferenzareparto VALUES ('malattie infettive', '0000000011', 'PMRP00000035', '1979-07-12', NULL);
INSERT INTO public.afferenzareparto VALUES ('medicina nucleare', '0000000011', 'PMRP00000035', '1979-07-12', NULL);
INSERT INTO public.afferenzareparto VALUES ('cardiologia', '0000000001', 'AMRP0000000', '2002-05-24', NULL);
INSERT INTO public.afferenzareparto VALUES ('chirurgia senologica', '0000000001', 'AMRP0000000', '2002-05-24', NULL);
INSERT INTO public.afferenzareparto VALUES ('chirurgia vascolare', '0000000001', 'AMRP0000000', '2002-05-24', NULL);
INSERT INTO public.afferenzareparto VALUES ('malattie infettive', '0000000001', 'AMRP0000000', '2002-05-24', NULL);
INSERT INTO public.afferenzareparto VALUES ('medicina nucleare', '0000000001', 'AMRP0000000', '2002-05-24', NULL);
INSERT INTO public.afferenzareparto VALUES ('cardiologia', '0000000002', 'AMRP00000018', '1980-10-21', NULL);
INSERT INTO public.afferenzareparto VALUES ('chirurgia senologica', '0000000002', 'AMRP00000018', '1980-10-21', NULL);
INSERT INTO public.afferenzareparto VALUES ('chirurgia vascolare', '0000000002', 'AMRP00000018', '1980-10-21', NULL);
INSERT INTO public.afferenzareparto VALUES ('malattie infettive', '0000000002', 'AMRP00000018', '1980-10-21', NULL);
INSERT INTO public.afferenzareparto VALUES ('medicina nucleare', '0000000002', 'AMRP00000018', '1980-10-21', NULL);
INSERT INTO public.afferenzareparto VALUES ('cardiologia', '0000000003', 'AMRP00000036', '1986-05-21', NULL);
INSERT INTO public.afferenzareparto VALUES ('chirurgia senologica', '0000000003', 'AMRP00000036', '1986-05-21', NULL);
INSERT INTO public.afferenzareparto VALUES ('chirurgia vascolare', '0000000003', 'AMRP00000036', '1986-05-21', NULL);
INSERT INTO public.afferenzareparto VALUES ('malattie infettive', '0000000003', 'AMRP00000036', '1986-05-21', NULL);
INSERT INTO public.afferenzareparto VALUES ('medicina nucleare', '0000000003', 'AMRP00000036', '1986-05-21', NULL);
INSERT INTO public.afferenzareparto VALUES ('cardiologia', '0000000004', 'AMRP00000037', '1974-09-14', NULL);
INSERT INTO public.afferenzareparto VALUES ('chirurgia senologica', '0000000004', 'AMRP00000037', '1974-09-14', NULL);
INSERT INTO public.afferenzareparto VALUES ('chirurgia vascolare', '0000000004', 'AMRP00000037', '1974-09-14', NULL);
INSERT INTO public.afferenzareparto VALUES ('malattie infettive', '0000000004', 'AMRP00000037', '1974-09-14', NULL);
INSERT INTO public.afferenzareparto VALUES ('medicina nucleare', '0000000004', 'AMRP00000037', '1974-09-14', NULL);
INSERT INTO public.afferenzareparto VALUES ('cardiologia', '0000000005', 'AMRP00000049', '1999-08-13', NULL);
INSERT INTO public.afferenzareparto VALUES ('chirurgia senologica', '0000000005', 'AMRP00000049', '1999-08-13', NULL);
INSERT INTO public.afferenzareparto VALUES ('chirurgia vascolare', '0000000005', 'AMRP00000049', '1999-08-13', NULL);
INSERT INTO public.afferenzareparto VALUES ('malattie infettive', '0000000005', 'AMRP00000049', '1999-08-13', NULL);
INSERT INTO public.afferenzareparto VALUES ('medicina nucleare', '0000000005', 'AMRP00000049', '1999-08-13', NULL);
INSERT INTO public.afferenzareparto VALUES ('cardiologia', '0000000006', 'AMRP00000053', '2009-01-04', NULL);
INSERT INTO public.afferenzareparto VALUES ('chirurgia senologica', '0000000006', 'AMRP00000053', '2009-01-04', NULL);
INSERT INTO public.afferenzareparto VALUES ('chirurgia vascolare', '0000000006', 'AMRP00000053', '2009-01-04', NULL);
INSERT INTO public.afferenzareparto VALUES ('malattie infettive', '0000000006', 'AMRP00000053', '2009-01-04', NULL);
INSERT INTO public.afferenzareparto VALUES ('medicina nucleare', '0000000006', 'AMRP00000053', '2009-01-04', NULL);
INSERT INTO public.afferenzareparto VALUES ('cardiologia', '0000000008', 'AMRP00000057', '1979-10-11', NULL);
INSERT INTO public.afferenzareparto VALUES ('chirurgia senologica', '0000000008', 'AMRP00000057', '1979-10-11', NULL);
INSERT INTO public.afferenzareparto VALUES ('chirurgia vascolare', '0000000008', 'AMRP00000057', '1979-10-11', NULL);
INSERT INTO public.afferenzareparto VALUES ('malattie infettive', '0000000008', 'AMRP00000057', '1979-10-11', NULL);
INSERT INTO public.afferenzareparto VALUES ('medicina nucleare', '0000000008', 'AMRP00000057', '1979-10-11', NULL);
INSERT INTO public.afferenzareparto VALUES ('cardiologia', '0000000009', 'AMRP00000063', '1978-02-20', NULL);
INSERT INTO public.afferenzareparto VALUES ('chirurgia senologica', '0000000009', 'AMRP00000063', '1978-02-20', NULL);
INSERT INTO public.afferenzareparto VALUES ('chirurgia vascolare', '0000000009', 'AMRP00000063', '1978-02-20', NULL);
INSERT INTO public.afferenzareparto VALUES ('malattie infettive', '0000000009', 'AMRP00000063', '1978-02-20', NULL);
INSERT INTO public.afferenzareparto VALUES ('medicina nucleare', '0000000009', 'AMRP00000063', '1978-02-20', NULL);
INSERT INTO public.afferenzareparto VALUES ('cardiologia', '0000000010', 'AMRP00000064', '2005-10-24', NULL);
INSERT INTO public.afferenzareparto VALUES ('chirurgia senologica', '0000000010', 'AMRP00000064', '2005-10-24', NULL);
INSERT INTO public.afferenzareparto VALUES ('chirurgia vascolare', '0000000010', 'AMRP00000064', '2005-10-24', NULL);
INSERT INTO public.afferenzareparto VALUES ('malattie infettive', '0000000010', 'AMRP00000064', '2005-10-24', NULL);
INSERT INTO public.afferenzareparto VALUES ('medicina nucleare', '0000000010', 'AMRP00000064', '2005-10-24', NULL);
INSERT INTO public.afferenzareparto VALUES ('cardiologia', '0000000001', 'OSRP00000065', '2004-10-07', NULL);
INSERT INTO public.afferenzareparto VALUES ('chirurgia senologica', '0000000001', 'OSRP00000065', '2004-10-07', NULL);
INSERT INTO public.afferenzareparto VALUES ('chirurgia vascolare', '0000000001', 'OSRP00000065', '2004-10-07', NULL);
INSERT INTO public.afferenzareparto VALUES ('malattie infettive', '0000000001', 'OSRP00000065', '2004-10-07', NULL);
INSERT INTO public.afferenzareparto VALUES ('medicina nucleare', '0000000001', 'OSRP00000065', '2004-10-07', NULL);
INSERT INTO public.afferenzareparto VALUES ('cardiologia', '0000000002', 'OSRP00000068', '1999-04-03', NULL);
INSERT INTO public.afferenzareparto VALUES ('chirurgia senologica', '0000000002', 'OSRP00000068', '1999-04-03', NULL);
INSERT INTO public.afferenzareparto VALUES ('chirurgia vascolare', '0000000002', 'OSRP00000068', '1999-04-03', NULL);
INSERT INTO public.afferenzareparto VALUES ('malattie infettive', '0000000002', 'OSRP00000068', '1999-04-03', NULL);
INSERT INTO public.afferenzareparto VALUES ('medicina nucleare', '0000000002', 'OSRP00000068', '1999-04-03', NULL);
INSERT INTO public.afferenzareparto VALUES ('cardiologia', '0000000003', 'OSRP00000076', '1997-09-03', NULL);
INSERT INTO public.afferenzareparto VALUES ('chirurgia senologica', '0000000003', 'OSRP00000076', '1997-09-03', NULL);
INSERT INTO public.afferenzareparto VALUES ('chirurgia vascolare', '0000000003', 'OSRP00000076', '1997-09-03', NULL);
INSERT INTO public.afferenzareparto VALUES ('malattie infettive', '0000000003', 'OSRP00000076', '1997-09-03', NULL);
INSERT INTO public.afferenzareparto VALUES ('medicina nucleare', '0000000003', 'OSRP00000076', '1997-09-03', NULL);
INSERT INTO public.afferenzareparto VALUES ('cardiologia', '0000000004', 'OSRP00000079', '1971-09-15', NULL);
INSERT INTO public.afferenzareparto VALUES ('chirurgia senologica', '0000000004', 'OSRP00000079', '1971-09-15', NULL);
INSERT INTO public.afferenzareparto VALUES ('chirurgia vascolare', '0000000004', 'OSRP00000079', '1971-09-15', NULL);
INSERT INTO public.afferenzareparto VALUES ('malattie infettive', '0000000004', 'OSRP00000079', '1971-09-15', NULL);
INSERT INTO public.afferenzareparto VALUES ('medicina nucleare', '0000000004', 'OSRP00000079', '1971-09-15', NULL);
INSERT INTO public.afferenzareparto VALUES ('cardiologia', '0000000005', 'OSRP00000080', '1970-07-13', NULL);
INSERT INTO public.afferenzareparto VALUES ('chirurgia senologica', '0000000005', 'OSRP00000080', '1970-07-13', NULL);
INSERT INTO public.afferenzareparto VALUES ('chirurgia vascolare', '0000000005', 'OSRP00000080', '1970-07-13', NULL);
INSERT INTO public.afferenzareparto VALUES ('malattie infettive', '0000000005', 'OSRP00000080', '1970-07-13', NULL);
INSERT INTO public.afferenzareparto VALUES ('medicina nucleare', '0000000005', 'OSRP00000080', '1970-07-13', NULL);
INSERT INTO public.afferenzareparto VALUES ('cardiologia', '0000000006', 'OSRP00000086', '1977-05-22', NULL);
INSERT INTO public.afferenzareparto VALUES ('chirurgia senologica', '0000000006', 'OSRP00000086', '1977-05-22', NULL);
INSERT INTO public.afferenzareparto VALUES ('chirurgia vascolare', '0000000006', 'OSRP00000086', '1977-05-22', NULL);
INSERT INTO public.afferenzareparto VALUES ('malattie infettive', '0000000006', 'OSRP00000086', '1977-05-22', NULL);
INSERT INTO public.afferenzareparto VALUES ('medicina nucleare', '0000000006', 'OSRP00000086', '1977-05-22', NULL);
INSERT INTO public.afferenzareparto VALUES ('cardiologia', '0000000008', 'OSRP00000087', '1978-01-06', NULL);
INSERT INTO public.afferenzareparto VALUES ('chirurgia senologica', '0000000008', 'OSRP00000087', '1978-01-06', NULL);
INSERT INTO public.afferenzareparto VALUES ('chirurgia vascolare', '0000000008', 'OSRP00000087', '1978-01-06', NULL);
INSERT INTO public.afferenzareparto VALUES ('malattie infettive', '0000000008', 'OSRP00000087', '1978-01-06', NULL);
INSERT INTO public.afferenzareparto VALUES ('medicina nucleare', '0000000008', 'OSRP00000087', '1978-01-06', NULL);
INSERT INTO public.afferenzareparto VALUES ('cardiologia', '0000000009', 'OSRP00000089', '1989-07-23', NULL);
INSERT INTO public.afferenzareparto VALUES ('chirurgia senologica', '0000000009', 'OSRP00000089', '1989-07-23', NULL);
INSERT INTO public.afferenzareparto VALUES ('chirurgia vascolare', '0000000009', 'OSRP00000089', '1989-07-23', NULL);
INSERT INTO public.afferenzareparto VALUES ('malattie infettive', '0000000009', 'OSRP00000089', '1989-07-23', NULL);
INSERT INTO public.afferenzareparto VALUES ('medicina nucleare', '0000000009', 'OSRP00000089', '1989-07-23', NULL);
INSERT INTO public.afferenzareparto VALUES ('cardiologia', '0000000010', 'OSRP00000098', '1971-02-14', NULL);
INSERT INTO public.afferenzareparto VALUES ('chirurgia senologica', '0000000010', 'OSRP00000098', '1971-02-14', NULL);
INSERT INTO public.afferenzareparto VALUES ('chirurgia vascolare', '0000000010', 'OSRP00000098', '1971-02-14', NULL);
INSERT INTO public.afferenzareparto VALUES ('malattie infettive', '0000000010', 'OSRP00000098', '1971-02-14', NULL);
INSERT INTO public.afferenzareparto VALUES ('medicina nucleare', '0000000010', 'OSRP00000098', '1971-02-14', NULL);





INSERT INTO public.ambulatoriointerno VALUES ('1', 'chirurgia senologica', '0000000001', 3, 'in attività');
INSERT INTO public.ambulatoriointerno VALUES ('1', 'chirurgia vascolare', '0000000001', 5, 'in attività');
INSERT INTO public.ambulatoriointerno VALUES ('2', 'chirurgia vascolare', '0000000001', 5, 'in attività');
INSERT INTO public.ambulatoriointerno VALUES ('1', 'malattie infettive', '0000000001', 5, 'in attività');
INSERT INTO public.ambulatoriointerno VALUES ('2', 'malattie infettive', '0000000001', 2, 'in attività');
INSERT INTO public.ambulatoriointerno VALUES ('1', 'medicina nucleare', '0000000001', 1, 'in attività');
INSERT INTO public.ambulatoriointerno VALUES ('2', 'medicina nucleare', '0000000001', 6, 'in attività');
INSERT INTO public.ambulatoriointerno VALUES ('3', 'medicina nucleare', '0000000001', 6, 'in attività');
INSERT INTO public.ambulatoriointerno VALUES ('1', 'cardiologia', '0000000001', 0, 'in attività');
INSERT INTO public.ambulatoriointerno VALUES ('1', 'chirurgia senologica', '0000000002', 6, 'in attività');
INSERT INTO public.ambulatoriointerno VALUES ('1', 'cardiologia', '0000000002', 6, 'in attività');
INSERT INTO public.ambulatoriointerno VALUES ('1', 'chirurgia vascolare', '0000000002', -1, 'in attività');
INSERT INTO public.ambulatoriointerno VALUES ('1', 'malattie infettive', '0000000002', 2, 'in attività');
INSERT INTO public.ambulatoriointerno VALUES ('2', 'malattie infettive', '0000000002', 2, 'in attività');
INSERT INTO public.ambulatoriointerno VALUES ('1', 'medicina nucleare', '0000000002', 4, 'in attività');
INSERT INTO public.ambulatoriointerno VALUES ('2', 'medicina nucleare', '0000000002', 0, 'in attività');
INSERT INTO public.ambulatoriointerno VALUES ('1', 'chirurgia vascolare', '0000000003', 1, 'in attività');
INSERT INTO public.ambulatoriointerno VALUES ('2', 'chirurgia vascolare', '0000000003', 5, 'in attività');
INSERT INTO public.ambulatoriointerno VALUES ('3', 'chirurgia vascolare', '0000000003', 4, 'in attività');
INSERT INTO public.ambulatoriointerno VALUES ('1', 'chirurgia senologica', '0000000003', -2, 'in attività');
INSERT INTO public.ambulatoriointerno VALUES ('2', 'chirurgia senologica', '0000000003', 5, 'in attività');
INSERT INTO public.ambulatoriointerno VALUES ('3', 'chirurgia senologica', '0000000003', 3, 'in attività');
INSERT INTO public.ambulatoriointerno VALUES ('1', 'malattie infettive', '0000000003', 1, 'in attività');
INSERT INTO public.ambulatoriointerno VALUES ('2', 'malattie infettive', '0000000003', 7, 'in attività');
INSERT INTO public.ambulatoriointerno VALUES ('1', 'cardiologia', '0000000003', 6, 'in attività');
INSERT INTO public.ambulatoriointerno VALUES ('2', 'cardiologia', '0000000003', 4, 'in attività');
INSERT INTO public.ambulatoriointerno VALUES ('1', 'medicina nucleare', '0000000003', -1, 'in attività');
INSERT INTO public.ambulatoriointerno VALUES ('2', 'medicina nucleare', '0000000003', -2, 'in attività');
INSERT INTO public.ambulatoriointerno VALUES ('1', 'chirurgia senologica', '0000000004', 2, 'in attività');
INSERT INTO public.ambulatoriointerno VALUES ('1', 'cardiologia', '0000000004', -1, 'in attività');
INSERT INTO public.ambulatoriointerno VALUES ('2', 'cardiologia', '0000000004', 6, 'in attività');
INSERT INTO public.ambulatoriointerno VALUES ('3', 'cardiologia', '0000000004', 3, 'in attività');
INSERT INTO public.ambulatoriointerno VALUES ('1', 'chirurgia vascolare', '0000000004', -2, 'in attività');
INSERT INTO public.ambulatoriointerno VALUES ('2', 'chirurgia vascolare', '0000000004', 5, 'in attività');
INSERT INTO public.ambulatoriointerno VALUES ('1', 'malattie infettive', '0000000004', 7, 'in attività');
INSERT INTO public.ambulatoriointerno VALUES ('2', 'malattie infettive', '0000000004', 5, 'in attività');
INSERT INTO public.ambulatoriointerno VALUES ('1', 'medicina nucleare', '0000000004', 3, 'in attività');
INSERT INTO public.ambulatoriointerno VALUES ('2', 'medicina nucleare', '0000000004', 2, 'in attività');
INSERT INTO public.ambulatoriointerno VALUES ('3', 'medicina nucleare', '0000000004', 5, 'in attività');
INSERT INTO public.ambulatoriointerno VALUES ('1', 'cardiologia', '0000000005', 2, 'in attività');
INSERT INTO public.ambulatoriointerno VALUES ('2', 'cardiologia', '0000000005', 4, 'in attività');
INSERT INTO public.ambulatoriointerno VALUES ('1', 'chirurgia senologica', '0000000005', 5, 'in attività');
INSERT INTO public.ambulatoriointerno VALUES ('2', 'chirurgia senologica', '0000000005', 2, 'in attività');
INSERT INTO public.ambulatoriointerno VALUES ('1', 'chirurgia vascolare', '0000000005', 3, 'in attività');
INSERT INTO public.ambulatoriointerno VALUES ('1', 'malattie infettive', '0000000005', 0, 'in attività');
INSERT INTO public.ambulatoriointerno VALUES ('2', 'malattie infettive', '0000000005', 0, 'in attività');
INSERT INTO public.ambulatoriointerno VALUES ('3', 'malattie infettive', '0000000005', -1, 'in attività');
INSERT INTO public.ambulatoriointerno VALUES ('1', 'medicina nucleare', '0000000005', 0, 'in attività');
INSERT INTO public.ambulatoriointerno VALUES ('2', 'medicina nucleare', '0000000005', 6, 'in attività');
INSERT INTO public.ambulatoriointerno VALUES ('1', 'chirurgia senologica', '0000000006', 6, 'in attività');
INSERT INTO public.ambulatoriointerno VALUES ('1', 'chirurgia vascolare', '0000000006', 5, 'in attività');
INSERT INTO public.ambulatoriointerno VALUES ('2', 'chirurgia vascolare', '0000000006', 4, 'in attività');
INSERT INTO public.ambulatoriointerno VALUES ('1', 'malattie infettive', '0000000006', 1, 'in attività');
INSERT INTO public.ambulatoriointerno VALUES ('2', 'malattie infettive', '0000000006', 1, 'in attività');
INSERT INTO public.ambulatoriointerno VALUES ('1', 'medicina nucleare', '0000000006', 3, 'in attività');
INSERT INTO public.ambulatoriointerno VALUES ('2', 'medicina nucleare', '0000000006', -1, 'in attività');
INSERT INTO public.ambulatoriointerno VALUES ('1', 'cardiologia', '0000000006', 3, 'in attività');
INSERT INTO public.ambulatoriointerno VALUES ('2', 'cardiologia', '0000000006', 6, 'in attività');
INSERT INTO public.ambulatoriointerno VALUES ('1', 'chirurgia senologica', '0000000008', 2, 'in attività');
INSERT INTO public.ambulatoriointerno VALUES ('2', 'chirurgia senologica', '0000000008', 5, 'in attività');
INSERT INTO public.ambulatoriointerno VALUES ('3', 'chirurgia senologica', '0000000008', -2, 'in attività');
INSERT INTO public.ambulatoriointerno VALUES ('1', 'cardiologia', '0000000008', 4, 'in attività');
INSERT INTO public.ambulatoriointerno VALUES ('1', 'chirurgia vascolare', '0000000008', 3, 'in attività');
INSERT INTO public.ambulatoriointerno VALUES ('2', 'chirurgia vascolare', '0000000008', 4, 'in attività');
INSERT INTO public.ambulatoriointerno VALUES ('3', 'chirurgia vascolare', '0000000008', 3, 'in attività');
INSERT INTO public.ambulatoriointerno VALUES ('1', 'malattie infettive', '0000000008', 2, 'in attività');
INSERT INTO public.ambulatoriointerno VALUES ('2', 'malattie infettive', '0000000008', -1, 'in attività');
INSERT INTO public.ambulatoriointerno VALUES ('1', 'medicina nucleare', '0000000008', 7, 'in attività');
INSERT INTO public.ambulatoriointerno VALUES ('2', 'medicina nucleare', '0000000008', -1, 'in attività');
INSERT INTO public.ambulatoriointerno VALUES ('1', 'chirurgia vascolare', '0000000009', 4, 'in attività');
INSERT INTO public.ambulatoriointerno VALUES ('1', 'chirurgia senologica', '0000000009', -1, 'in attività');
INSERT INTO public.ambulatoriointerno VALUES ('1', 'malattie infettive', '0000000009', -1, 'in attività');
INSERT INTO public.ambulatoriointerno VALUES ('1', 'cardiologia', '0000000009', 6, 'in attività');
INSERT INTO public.ambulatoriointerno VALUES ('1', 'medicina nucleare', '0000000009', 5, 'in attività');
INSERT INTO public.ambulatoriointerno VALUES ('2', 'medicina nucleare', '0000000009', -1, 'in attività');
INSERT INTO public.ambulatoriointerno VALUES ('1', 'chirurgia senologica', '0000000010', 2, 'in attività');
INSERT INTO public.ambulatoriointerno VALUES ('2', 'chirurgia senologica', '0000000010', 3, 'in attività');
INSERT INTO public.ambulatoriointerno VALUES ('1', 'cardiologia', '0000000010', 7, 'in attività');
INSERT INTO public.ambulatoriointerno VALUES ('1', 'chirurgia vascolare', '0000000010', 3, 'in attività');
INSERT INTO public.ambulatoriointerno VALUES ('2', 'chirurgia vascolare', '0000000010', 7, 'in attività');
INSERT INTO public.ambulatoriointerno VALUES ('1', 'malattie infettive', '0000000010', 0, 'in attività');
INSERT INTO public.ambulatoriointerno VALUES ('2', 'malattie infettive', '0000000010', 0, 'in attività');
INSERT INTO public.ambulatoriointerno VALUES ('3', 'malattie infettive', '0000000010', 3, 'in attività');
INSERT INTO public.ambulatoriointerno VALUES ('1', 'medicina nucleare', '0000000010', 5, 'in attività');
INSERT INTO public.ambulatoriointerno VALUES ('1', 'cardiologia', '0000000011', 7, 'in attività');
INSERT INTO public.ambulatoriointerno VALUES ('2', 'cardiologia', '0000000011', 2, 'in attività');
INSERT INTO public.ambulatoriointerno VALUES ('3', 'cardiologia', '0000000011', 0, 'in attività');
INSERT INTO public.ambulatoriointerno VALUES ('1', 'chirurgia senologica', '0000000011', 5, 'in attività');
INSERT INTO public.ambulatoriointerno VALUES ('2', 'chirurgia senologica', '0000000011', 2, 'in attività');
INSERT INTO public.ambulatoriointerno VALUES ('1', 'chirurgia vascolare', '0000000011', 4, 'in attività');
INSERT INTO public.ambulatoriointerno VALUES ('2', 'chirurgia vascolare', '0000000011', 1, 'in attività');
INSERT INTO public.ambulatoriointerno VALUES ('1', 'malattie infettive', '0000000011', 0, 'in attività');
INSERT INTO public.ambulatoriointerno VALUES ('2', 'malattie infettive', '0000000011', 1, 'in attività');
INSERT INTO public.ambulatoriointerno VALUES ('3', 'malattie infettive', '0000000011', 0, 'in attività');
INSERT INTO public.ambulatoriointerno VALUES ('1', 'medicina nucleare', '0000000011', 0, 'in attività');
INSERT INTO public.ambulatoriointerno VALUES ('1', 'chirurgia senologica', '0000000012', 7, 'in attività');
INSERT INTO public.ambulatoriointerno VALUES ('2', 'chirurgia senologica', '0000000012', 3, 'in attività');
INSERT INTO public.ambulatoriointerno VALUES ('1', 'chirurgia vascolare', '0000000012', 0, 'in attività');
INSERT INTO public.ambulatoriointerno VALUES ('2', 'chirurgia vascolare', '0000000012', 5, 'in attività');
INSERT INTO public.ambulatoriointerno VALUES ('1', 'malattie infettive', '0000000012', 2, 'in attività');
INSERT INTO public.ambulatoriointerno VALUES ('1', 'medicina nucleare', '0000000012', 3, 'in attività');
INSERT INTO public.ambulatoriointerno VALUES ('2', 'medicina nucleare', '0000000012', -2, 'in attività');
INSERT INTO public.ambulatoriointerno VALUES ('1', 'cardiologia', '0000000012', 6, 'in attività');



INSERT INTO public.amministrativo_ind VALUES ('AMRP0000000', 1);
INSERT INTO public.amministrativo_ind VALUES ('AMRP00000018', 2);
INSERT INTO public.amministrativo_ind VALUES ('AMRP00000036', 3);
INSERT INTO public.amministrativo_ind VALUES ('AMRP00000037', 4);
INSERT INTO public.amministrativo_ind VALUES ('AMRP00000049', 5);
INSERT INTO public.amministrativo_ind VALUES ('AMRP00000053', 6);
INSERT INTO public.amministrativo_ind VALUES ('AMRP00000057', 7);
INSERT INTO public.amministrativo_ind VALUES ('AMRP00000062', 8);
INSERT INTO public.amministrativo_ind VALUES ('AMRP00000063', 9);
INSERT INTO public.amministrativo_ind VALUES ('AMRP00000064', 10);
INSERT INTO public.amministrativo_ind VALUES ('AMRP00000069', 11);
INSERT INTO public.amministrativo_ind VALUES ('AMRP00000075', 12);
INSERT INTO public.amministrativo_ind VALUES ('AMRP0000008', 13);
INSERT INTO public.amministrativo_ind VALUES ('AMRP00000083', 14);
INSERT INTO public.amministrativo_ind VALUES ('AMRP00000084', 15);
INSERT INTO public.amministrativo_ind VALUES ('AMRP00000090', 160);



INSERT INTO public.esame VALUES ('ES257.26051859', 'privato', 20, 'non ancora presente');
INSERT INTO public.esame VALUES ('ES274.43910008', 'privato', 34, 'non ancora presente');
INSERT INTO public.esame VALUES ('ES209.47514111', 'privato', 74, 'non ancora presente');
INSERT INTO public.esame VALUES ('ES221.90137152', 'privato', 57, 'non ancora presente');
INSERT INTO public.esame VALUES ('ST128.70343637', 'assistenza sanitaria', 0, 'non ancora presente');
INSERT INTO public.esame VALUES ('ST182.96103159', 'assistenza sanitaria', 0, 'non ancora presente');
INSERT INTO public.esame VALUES ('ST140.32393976', 'assistenza sanitaria', 0, 'non ancora presente');
INSERT INTO public.esame VALUES ('ST166.10156007', 'assistenza sanitaria', 0, 'non ancora presente');
INSERT INTO public.esame VALUES ('ST147.85519921', 'assistenza sanitaria', 0, 'non ancora presente');
INSERT INTO public.esame VALUES ('ST104.26447915', 'assistenza sanitaria', 0, 'non ancora presente');
INSERT INTO public.esame VALUES ('ST162.86538903', 'assistenza sanitaria', 0, 'non ancora presente');
INSERT INTO public.esame VALUES ('ST113.34293914', 'assistenza sanitaria', 0, 'non ancora presente');
INSERT INTO public.esame VALUES ('ST196.17387347', 'assistenza sanitaria', 0, 'non ancora presente');
INSERT INTO public.esame VALUES ('ST129.24731031', 'assistenza sanitaria', 0, 'non ancora presente');
INSERT INTO public.esame VALUES ('ST138.14861091', 'assistenza sanitaria', 0, 'non ancora presente');
INSERT INTO public.esame VALUES ('ST124.61993103', 'assistenza sanitaria', 0, 'non ancora presente');
INSERT INTO public.esame VALUES ('ST190.71090450', 'assistenza sanitaria', 0, 'non ancora presente');
INSERT INTO public.esame VALUES ('ST153.82838316', 'assistenza sanitaria', 0, 'non ancora presente');
INSERT INTO public.esame VALUES ('ST121.24469731', 'assistenza sanitaria', 0, 'non ancora presente');
INSERT INTO public.esame VALUES ('ST164.28611549', 'assistenza sanitaria', 0, 'non ancora presente');
INSERT INTO public.esame VALUES ('ST158.86490673', 'assistenza sanitaria', 0, 'non ancora presente');
INSERT INTO public.esame VALUES ('ST170.69309896', 'assistenza sanitaria', 0, 'non ancora presente');
INSERT INTO public.esame VALUES ('ES261.07042555', 'assistenza sanitaria', 0, 'non ancora presente');
INSERT INTO public.esame VALUES ('ES269.64859529', 'assistenza sanitaria', 0, 'non ancora presente');
INSERT INTO public.esame VALUES ('ES246.55079586', 'assistenza sanitaria', 0, 'non ancora presente');
INSERT INTO public.esame VALUES ('ES222.12237992', 'assistenza sanitaria', 0, 'non ancora presente');
INSERT INTO public.esame VALUES ('ES202.75047908', 'assistenza sanitaria', 0, 'non ancora presente');
INSERT INTO public.esame VALUES ('ES215.00490473', 'assistenza sanitaria', 0, 'non ancora presente');
INSERT INTO public.esame VALUES ('ES242.55749963', 'privato', 99, 'non ancora presente');




INSERT INTO public.esamespecialistico VALUES ('ES261.07042555', 'eco_color-doppler');
INSERT INTO public.esamespecialistico VALUES ('ES242.55749963', 'ecocardiografia_color_doppler');
INSERT INTO public.esamespecialistico VALUES ('ES202.75047908', 'Urologica');
INSERT INTO public.esamespecialistico VALUES ('ES257.26051859', 'Muscolo-tendinea');
INSERT INTO public.esamespecialistico VALUES ('ES269.64859529', 'Endocrinologica');
INSERT INTO public.esamespecialistico VALUES ('ES221.90137152', 'Internistica');
INSERT INTO public.esamespecialistico VALUES ('ES246.55079586', 'Elettrocardiogramma');
INSERT INTO public.esamespecialistico VALUES ('ES274.43910008', 'Ecocardiogramma');
INSERT INTO public.esamespecialistico VALUES ('ES215.00490473', 'Holter_cardiaco_e_pressorio');
INSERT INTO public.esamespecialistico VALUES ('ES209.47514111', 'Elettroencefalogramma');
INSERT INTO public.esamespecialistico VALUES ('ES222.12237992', 'Elettromiografia');




INSERT INTO public.avvertenza VALUES ('ES215.00490473', 'il paziente non si deve fare la doccia, né lavare il torace e in generale si deve fare in modo di non bagnare registratore ed elettrodi');
INSERT INTO public.avvertenza VALUES ('ES261.07042555', 'il paziente deve restare a digiuno per almeno 5/6 ore');
INSERT INTO public.avvertenza VALUES ('ES242.55749963', 'nessuna avvertenza');


INSERT INTO public.convenzione VALUES ('Via Antonio Cechov, 50, 20151 Milano MI', '0000000001', '2001-01-01', NULL);
INSERT INTO public.convenzione VALUES ('Via Antonio Cechov, 50, 20151 Milano MI', '0000000002', '1998-02-01', NULL);
INSERT INTO public.convenzione VALUES ('Via Antonio Cechov, 50, 20151 Milano MI', '0000000003', '1996-12-12', '2007-10-11');
INSERT INTO public.convenzione VALUES ('Via Celeste Clericetti, 22, 20133 Milano MI', '0000000002', '2002-07-09', NULL);
INSERT INTO public.convenzione VALUES ('Via Celeste Clericetti, 22, 20133 Milano MI', '0000000003', '1998-02-01', '2001-03-29');
INSERT INTO public.convenzione VALUES ('Via Celeste Clericetti, 22, 20133 Milano MI', '0000000003', '2006-09-12', NULL);
INSERT INTO public.convenzione VALUES ('Via Celeste Clericetti, 22, 20133 Milano MI', '0000000005', '1999-10-31', NULL);
INSERT INTO public.convenzione VALUES ('Via Celeste Clericetti, 22, 20133 Milano MI', '0000000006', '2014-12-10', NULL);
INSERT INTO public.convenzione VALUES ('Viale don Luigi Orione, 2, 20132 Milano MI', '0000000006', '2014-12-14', NULL);
INSERT INTO public.convenzione VALUES ('Viale don Luigi Orione, 2, 20132 Milano MI', '0000000008', '2004-11-15', NULL);
INSERT INTO public.convenzione VALUES ('Viale don Luigi Orione, 2, 20132 Milano MI', '0000000009', '1994-10-16', '1997-09-18');
INSERT INTO public.convenzione VALUES ('Via Celeste Clericetti, 22, 20133 Milano MI', '0000000007', '2012-08-31', '2016-09-13');




INSERT INTO public.esamecomune VALUES ('ST128.70343637', 'emocromo');
INSERT INTO public.esamecomune VALUES ('ST182.96103159', 'Transaminasi');
INSERT INTO public.esamecomune VALUES ('ST140.32393976', 'Gamma_Gt_(GGT)');
INSERT INTO public.esamecomune VALUES ('ST166.10156007', 'Colesterolo_HD');
INSERT INTO public.esamecomune VALUES ('ST147.85519921', 'Colesterolo_tot');
INSERT INTO public.esamecomune VALUES ('ST104.26447915', 'Trigliceridi');
INSERT INTO public.esamecomune VALUES ('ST162.86538903', 'Glucosio');
INSERT INTO public.esamecomune VALUES ('ST113.34293914', 'Creatinina');
INSERT INTO public.esamecomune VALUES ('ST196.17387347', 'Acido_Urico');
INSERT INTO public.esamecomune VALUES ('ST129.24731031', 'Sodio');
INSERT INTO public.esamecomune VALUES ('ST138.14861091', 'Potassio');
INSERT INTO public.esamecomune VALUES ('ST124.61993103', 'Cloro');
INSERT INTO public.esamecomune VALUES ('ST190.71090450', 'VES');
INSERT INTO public.esamecomune VALUES ('ST153.82838316', 'Bilirubina_totale_e_parziale');
INSERT INTO public.esamecomune VALUES ('ST121.24469731', 'Azotemia');
INSERT INTO public.esamecomune VALUES ('ST164.28611549', 'Fosfatasi_alcalina');
INSERT INTO public.esamecomune VALUES ('ST158.86490673', 'Elettroforesi_proteica');
INSERT INTO public.esamecomune VALUES ('ST170.69309896', 'Esame_urine');



INSERT INTO public.id_crescente VALUES (1);
INSERT INTO public.id_crescente VALUES (2);
INSERT INTO public.id_crescente VALUES (3);
INSERT INTO public.id_crescente VALUES (4);
INSERT INTO public.id_crescente VALUES (5);
INSERT INTO public.id_crescente VALUES (6);
INSERT INTO public.id_crescente VALUES (7);
INSERT INTO public.id_crescente VALUES (8);
INSERT INTO public.id_crescente VALUES (9);
INSERT INTO public.id_crescente VALUES (10);
INSERT INTO public.id_crescente VALUES (11);
INSERT INTO public.id_crescente VALUES (12);
INSERT INTO public.id_crescente VALUES (13);
INSERT INTO public.id_crescente VALUES (14);
INSERT INTO public.id_crescente VALUES (15);
INSERT INTO public.id_crescente VALUES (16);
INSERT INTO public.id_crescente VALUES (17);
INSERT INTO public.id_crescente VALUES (18);
INSERT INTO public.id_crescente VALUES (19);
INSERT INTO public.id_crescente VALUES (20);
INSERT INTO public.id_crescente VALUES (21);
INSERT INTO public.id_crescente VALUES (22);
INSERT INTO public.id_crescente VALUES (23);
INSERT INTO public.id_crescente VALUES (24);
INSERT INTO public.id_crescente VALUES (25);
INSERT INTO public.id_crescente VALUES (26);
INSERT INTO public.id_crescente VALUES (27);
INSERT INTO public.id_crescente VALUES (28);
INSERT INTO public.id_crescente VALUES (29);
INSERT INTO public.id_crescente VALUES (30);
INSERT INTO public.id_crescente VALUES (31);
INSERT INTO public.id_crescente VALUES (32);
INSERT INTO public.id_crescente VALUES (33);
INSERT INTO public.id_crescente VALUES (34);
INSERT INTO public.id_crescente VALUES (35);
INSERT INTO public.id_crescente VALUES (36);
INSERT INTO public.id_crescente VALUES (37);
INSERT INTO public.id_crescente VALUES (38);
INSERT INTO public.id_crescente VALUES (39);
INSERT INTO public.id_crescente VALUES (40);
INSERT INTO public.id_crescente VALUES (41);
INSERT INTO public.id_crescente VALUES (42);
INSERT INTO public.id_crescente VALUES (43);
INSERT INTO public.id_crescente VALUES (44);
INSERT INTO public.id_crescente VALUES (45);
INSERT INTO public.id_crescente VALUES (46);
INSERT INTO public.id_crescente VALUES (47);
INSERT INTO public.id_crescente VALUES (48);
INSERT INTO public.id_crescente VALUES (49);
INSERT INTO public.id_crescente VALUES (50);
INSERT INTO public.id_crescente VALUES (51);
INSERT INTO public.id_crescente VALUES (52);
INSERT INTO public.id_crescente VALUES (53);
INSERT INTO public.id_crescente VALUES (54);
INSERT INTO public.id_crescente VALUES (55);
INSERT INTO public.id_crescente VALUES (56);
INSERT INTO public.id_crescente VALUES (57);
INSERT INTO public.id_crescente VALUES (58);
INSERT INTO public.id_crescente VALUES (59);
INSERT INTO public.id_crescente VALUES (60);



INSERT INTO public.infermieri_ind VALUES ('PMRP00000019', 1);
INSERT INTO public.infermieri_ind VALUES ('PMRP0000002', 2);
INSERT INTO public.infermieri_ind VALUES ('PMRP00000021', 3);
INSERT INTO public.infermieri_ind VALUES ('PMRP00000022', 4);
INSERT INTO public.infermieri_ind VALUES ('PMRP00000025', 5);
INSERT INTO public.infermieri_ind VALUES ('PMRP00000027', 6);
INSERT INTO public.infermieri_ind VALUES ('PMRP00000028', 7);
INSERT INTO public.infermieri_ind VALUES ('PMRP00000029', 8);
INSERT INTO public.infermieri_ind VALUES ('PMRP00000030', 9);
INSERT INTO public.infermieri_ind VALUES ('PMRP00000032', 10);
INSERT INTO public.infermieri_ind VALUES ('PMRP00000035', 11);
INSERT INTO public.infermieri_ind VALUES ('PMRP00000044', 12);
INSERT INTO public.infermieri_ind VALUES ('PMRP00000047', 13);
INSERT INTO public.infermieri_ind VALUES ('PMRP00000050', 14);
INSERT INTO public.infermieri_ind VALUES ('PMRP00000058', 15);
INSERT INTO public.infermieri_ind VALUES ('PMRP00000061', 16);
INSERT INTO public.infermieri_ind VALUES ('PMRP00000074', 17);
INSERT INTO public.infermieri_ind VALUES ('PMRP00000085', 18);




INSERT INTO public.login VALUES ('pippo89', 'huarace');
INSERT INTO public.login VALUES ('pippo97prova', 'qwertyuiop');
INSERT INTO public.login VALUES ('alex', '123');
INSERT INTO public.login VALUES ('prova@prova.com', 'prova');
INSERT INTO public.login VALUES ('prova2@provancora.com', 'METTOpawd30l@');



INSERT INTO public.medico_ind VALUES ('MDRP0000001', 1);
INSERT INTO public.medico_ind VALUES ('MDRP00000010', 2);
INSERT INTO public.medico_ind VALUES ('MDRP00000012', 3);
INSERT INTO public.medico_ind VALUES ('MDRP00000014', 4);
INSERT INTO public.medico_ind VALUES ('MDRP00000023', 5);
INSERT INTO public.medico_ind VALUES ('MDRP00000024', 6);
INSERT INTO public.medico_ind VALUES ('MDRP0000003', 7);
INSERT INTO public.medico_ind VALUES ('MDRP00000031', 8);
INSERT INTO public.medico_ind VALUES ('MDRP00000033', 9);
INSERT INTO public.medico_ind VALUES ('MDRP00000039', 10);
INSERT INTO public.medico_ind VALUES ('MDRP0000004', 11);
INSERT INTO public.medico_ind VALUES ('MDRP00000040', 12);
INSERT INTO public.medico_ind VALUES ('MDRP00000042', 13);
INSERT INTO public.medico_ind VALUES ('MDRP00000045', 14);
INSERT INTO public.medico_ind VALUES ('MDRP00000052', 15);
INSERT INTO public.medico_ind VALUES ('MDRP00000078', 16);
INSERT INTO public.medico_ind VALUES ('MDRP00000099', 17);




INSERT INTO public.paziente VALUES ('RSSSRG68E09C226Y', 'rossi', 'sergio', 'via uno 123 (MI)', '1968-08-09');
INSERT INTO public.paziente VALUES ('GLLMRA94C62F205K', 'gialli', 'maria', 'via due 132', '1994-02-21');
INSERT INTO public.paziente VALUES ('QTTGLI88C02F205N', 'quattrogialli', 'giulio', 'via tre 321', '1988-10-02');
INSERT INTO public.paziente VALUES ('VNTMCL02T12A403A', 'ventirosacei', 'marcello', 'via quattro 312 (CE)', '2002-05-12');
INSERT INTO public.paziente VALUES ('TRRLBN49P09A403R', 'terraverde', 'albano', 'via cinque 321 (AP)', '1949-03-09');
INSERT INTO public.paziente VALUES ('RGDVGL53S21A982C', 'rugiadinoviola', 'virgilio', 'via sei 622 (MI)', '1953-11-21');
INSERT INTO public.paziente VALUES ('FLCMLS07B11A982C', 'falcoazzurrognola', 'marialuisa', 'via sette 340 (AR)', '2007-11-11');
INSERT INTO public.paziente VALUES ('BLUFMN98B27A982P', 'blu', 'filomena', 'via otto 431 (AL)', '1998-04-27');
INSERT INTO public.paziente VALUES ('BLHHBD12L62Z302O', 'bluhud', 'haboud', 'Angola', '2012-08-22');



INSERT INTO public.numerocellulare VALUES ('3494969141', 'RSSSRG68E09C226Y');
INSERT INTO public.numerocellulare VALUES ('3486904039', 'GLLMRA94C62F205K');
INSERT INTO public.numerocellulare VALUES ('3468987560', 'QTTGLI88C02F205N');
INSERT INTO public.numerocellulare VALUES ('3493094480', 'VNTMCL02T12A403A');
INSERT INTO public.numerocellulare VALUES ('3486552144', 'TRRLBN49P09A403R');
INSERT INTO public.numerocellulare VALUES ('3488105483', 'RGDVGL53S21A982C');
INSERT INTO public.numerocellulare VALUES ('3499557249', 'FLCMLS07B11A982C');
INSERT INTO public.numerocellulare VALUES ('3478716519', 'BLUFMN98B27A982P');
INSERT INTO public.numerocellulare VALUES ('3442830746', NULL);
INSERT INTO public.numerocellulare VALUES ('3491696500', NULL);
INSERT INTO public.numerocellulare VALUES ('3428263192', NULL);
INSERT INTO public.numerocellulare VALUES ('3461632056', NULL);



INSERT INTO public.operatoresociosanitario VALUES ('OSRP00000065');
INSERT INTO public.operatoresociosanitario VALUES ('OSRP00000068');
INSERT INTO public.operatoresociosanitario VALUES ('OSRP00000076');
INSERT INTO public.operatoresociosanitario VALUES ('OSRP00000079');
INSERT INTO public.operatoresociosanitario VALUES ('OSRP00000080');
INSERT INTO public.operatoresociosanitario VALUES ('OSRP00000086');
INSERT INTO public.operatoresociosanitario VALUES ('OSRP00000087');
INSERT INTO public.operatoresociosanitario VALUES ('OSRP00000088');
INSERT INTO public.operatoresociosanitario VALUES ('OSRP00000089');
INSERT INTO public.operatoresociosanitario VALUES ('OSRP00000098');
INSERT INTO public.operatoresociosanitario VALUES ('OSRP10000000');




INSERT INTO public.salaoperatoria VALUES ('chirurgia senologica', '0000000001', '1', 'in attività');
INSERT INTO public.salaoperatoria VALUES ('chirurgia vascolare', '0000000001', '1', 'in attività');
INSERT INTO public.salaoperatoria VALUES ('chirurgia vascolare', '0000000001', '2', 'in attività');
INSERT INTO public.salaoperatoria VALUES ('chirurgia vascolare', '0000000001', '3', 'in attività');
INSERT INTO public.salaoperatoria VALUES ('chirurgia vascolare', '0000000001', '4', 'in attività');
INSERT INTO public.salaoperatoria VALUES ('chirurgia vascolare', '0000000001', '5', 'in attività');
INSERT INTO public.salaoperatoria VALUES ('chirurgia vascolare', '0000000001', '6', 'in attività');
INSERT INTO public.salaoperatoria VALUES ('malattie infettive', '0000000001', '1', 'in attività');
INSERT INTO public.salaoperatoria VALUES ('malattie infettive', '0000000001', '2', 'in attività');
INSERT INTO public.salaoperatoria VALUES ('malattie infettive', '0000000001', '3', 'in attività');
INSERT INTO public.salaoperatoria VALUES ('malattie infettive', '0000000001', '4', 'in attività');
INSERT INTO public.salaoperatoria VALUES ('malattie infettive', '0000000001', '5', 'in attività');
INSERT INTO public.salaoperatoria VALUES ('malattie infettive', '0000000001', '6', 'in attività');
INSERT INTO public.salaoperatoria VALUES ('medicina nucleare', '0000000001', '1', 'in attività');
INSERT INTO public.salaoperatoria VALUES ('medicina nucleare', '0000000001', '2', 'in attività');
INSERT INTO public.salaoperatoria VALUES ('cardiologia', '0000000001', '1', 'in attività');
INSERT INTO public.salaoperatoria VALUES ('cardiologia', '0000000001', '2', 'in attività');
INSERT INTO public.salaoperatoria VALUES ('cardiologia', '0000000001', '3', 'in attività');
INSERT INTO public.salaoperatoria VALUES ('cardiologia', '0000000001', '4', 'in attività');
INSERT INTO public.salaoperatoria VALUES ('cardiologia', '0000000001', '5', 'in attività');
INSERT INTO public.salaoperatoria VALUES ('chirurgia senologica', '0000000002', '1', 'in attività');
INSERT INTO public.salaoperatoria VALUES ('cardiologia', '0000000002', '1', 'in attività');
INSERT INTO public.salaoperatoria VALUES ('cardiologia', '0000000002', '2', 'in attività');
INSERT INTO public.salaoperatoria VALUES ('chirurgia vascolare', '0000000002', '1', 'in attività');
INSERT INTO public.salaoperatoria VALUES ('chirurgia vascolare', '0000000002', '2', 'in attività');
INSERT INTO public.salaoperatoria VALUES ('chirurgia vascolare', '0000000002', '3', 'in attività');
INSERT INTO public.salaoperatoria VALUES ('malattie infettive', '0000000002', '1', 'in attività');
INSERT INTO public.salaoperatoria VALUES ('malattie infettive', '0000000002', '2', 'in attività');
INSERT INTO public.salaoperatoria VALUES ('malattie infettive', '0000000002', '3', 'in attività');
INSERT INTO public.salaoperatoria VALUES ('medicina nucleare', '0000000002', '1', 'in attività');
INSERT INTO public.salaoperatoria VALUES ('medicina nucleare', '0000000002', '2', 'in attività');
INSERT INTO public.salaoperatoria VALUES ('medicina nucleare', '0000000002', '3', 'in attività');
INSERT INTO public.salaoperatoria VALUES ('medicina nucleare', '0000000002', '4', 'in attività');
INSERT INTO public.salaoperatoria VALUES ('medicina nucleare', '0000000002', '5', 'in attività');
INSERT INTO public.salaoperatoria VALUES ('chirurgia vascolare', '0000000003', '1', 'in attività');
INSERT INTO public.salaoperatoria VALUES ('chirurgia vascolare', '0000000003', '2', 'in attività');
INSERT INTO public.salaoperatoria VALUES ('chirurgia vascolare', '0000000003', '3', 'in attività');
INSERT INTO public.salaoperatoria VALUES ('chirurgia vascolare', '0000000003', '4', 'in attività');
INSERT INTO public.salaoperatoria VALUES ('chirurgia vascolare', '0000000003', '5', 'in attività');
INSERT INTO public.salaoperatoria VALUES ('chirurgia vascolare', '0000000003', '6', 'in attività');
INSERT INTO public.salaoperatoria VALUES ('chirurgia senologica', '0000000003', '1', 'in attività');
INSERT INTO public.salaoperatoria VALUES ('chirurgia senologica', '0000000003', '2', 'in attività');
INSERT INTO public.salaoperatoria VALUES ('malattie infettive', '0000000003', '1', 'in attività');
INSERT INTO public.salaoperatoria VALUES ('malattie infettive', '0000000003', '2', 'in attività');
INSERT INTO public.salaoperatoria VALUES ('malattie infettive', '0000000003', '3', 'in attività');
INSERT INTO public.salaoperatoria VALUES ('cardiologia', '0000000003', '1', 'in attività');
INSERT INTO public.salaoperatoria VALUES ('cardiologia', '0000000003', '2', 'in attività');
INSERT INTO public.salaoperatoria VALUES ('cardiologia', '0000000003', '3', 'in attività');
INSERT INTO public.salaoperatoria VALUES ('medicina nucleare', '0000000003', '1', 'in attività');
INSERT INTO public.salaoperatoria VALUES ('medicina nucleare', '0000000003', '2', 'in attività');
INSERT INTO public.salaoperatoria VALUES ('medicina nucleare', '0000000003', '3', 'in attività');
INSERT INTO public.salaoperatoria VALUES ('medicina nucleare', '0000000003', '4', 'in attività');
INSERT INTO public.salaoperatoria VALUES ('medicina nucleare', '0000000003', '5', 'in attività');
INSERT INTO public.salaoperatoria VALUES ('chirurgia senologica', '0000000004', '1', 'in attività');
INSERT INTO public.salaoperatoria VALUES ('chirurgia senologica', '0000000004', '2', 'in attività');
INSERT INTO public.salaoperatoria VALUES ('chirurgia senologica', '0000000004', '3', 'in attività');
INSERT INTO public.salaoperatoria VALUES ('chirurgia senologica', '0000000004', '4', 'in attività');
INSERT INTO public.salaoperatoria VALUES ('chirurgia senologica', '0000000004', '5', 'in attività');
INSERT INTO public.salaoperatoria VALUES ('chirurgia senologica', '0000000004', '6', 'in attività');
INSERT INTO public.salaoperatoria VALUES ('cardiologia', '0000000004', '1', 'in attività');
INSERT INTO public.salaoperatoria VALUES ('cardiologia', '0000000004', '2', 'in attività');
INSERT INTO public.salaoperatoria VALUES ('cardiologia', '0000000004', '3', 'in attività');
INSERT INTO public.salaoperatoria VALUES ('cardiologia', '0000000004', '4', 'in attività');
INSERT INTO public.salaoperatoria VALUES ('cardiologia', '0000000004', '5', 'in attività');
INSERT INTO public.salaoperatoria VALUES ('cardiologia', '0000000004', '6', 'in attività');
INSERT INTO public.salaoperatoria VALUES ('chirurgia vascolare', '0000000004', '1', 'in attività');
INSERT INTO public.salaoperatoria VALUES ('chirurgia vascolare', '0000000004', '2', 'in attività');
INSERT INTO public.salaoperatoria VALUES ('chirurgia vascolare', '0000000004', '3', 'in attività');
INSERT INTO public.salaoperatoria VALUES ('malattie infettive', '0000000004', '1', 'in attività');
INSERT INTO public.salaoperatoria VALUES ('malattie infettive', '0000000004', '2', 'in attività');
INSERT INTO public.salaoperatoria VALUES ('medicina nucleare', '0000000004', '1', 'in attività');
INSERT INTO public.salaoperatoria VALUES ('medicina nucleare', '0000000004', '2', 'in attività');
INSERT INTO public.salaoperatoria VALUES ('cardiologia', '0000000005', '1', 'in attività');
INSERT INTO public.salaoperatoria VALUES ('cardiologia', '0000000005', '2', 'in attività');
INSERT INTO public.salaoperatoria VALUES ('cardiologia', '0000000005', '3', 'in attività');
INSERT INTO public.salaoperatoria VALUES ('cardiologia', '0000000005', '4', 'in attività');
INSERT INTO public.salaoperatoria VALUES ('cardiologia', '0000000005', '5', 'in attività');
INSERT INTO public.salaoperatoria VALUES ('cardiologia', '0000000005', '6', 'in attività');
INSERT INTO public.salaoperatoria VALUES ('chirurgia senologica', '0000000005', '1', 'in attività');
INSERT INTO public.salaoperatoria VALUES ('chirurgia vascolare', '0000000005', '1', 'in attività');
INSERT INTO public.salaoperatoria VALUES ('chirurgia vascolare', '0000000005', '2', 'in attività');
INSERT INTO public.salaoperatoria VALUES ('chirurgia vascolare', '0000000005', '3', 'in attività');
INSERT INTO public.salaoperatoria VALUES ('malattie infettive', '0000000005', '1', 'in attività');
INSERT INTO public.salaoperatoria VALUES ('malattie infettive', '0000000005', '2', 'in attività');
INSERT INTO public.salaoperatoria VALUES ('malattie infettive', '0000000005', '3', 'in attività');
INSERT INTO public.salaoperatoria VALUES ('malattie infettive', '0000000005', '4', 'in attività');
INSERT INTO public.salaoperatoria VALUES ('malattie infettive', '0000000005', '5', 'in attività');
INSERT INTO public.salaoperatoria VALUES ('malattie infettive', '0000000005', '6', 'in attività');
INSERT INTO public.salaoperatoria VALUES ('malattie infettive', '0000000005', '7', 'in attività');
INSERT INTO public.salaoperatoria VALUES ('medicina nucleare', '0000000005', '1', 'in attività');
INSERT INTO public.salaoperatoria VALUES ('medicina nucleare', '0000000005', '2', 'in attività');
INSERT INTO public.salaoperatoria VALUES ('medicina nucleare', '0000000005', '3', 'in attività');
INSERT INTO public.salaoperatoria VALUES ('medicina nucleare', '0000000005', '4', 'in attività');
INSERT INTO public.salaoperatoria VALUES ('medicina nucleare', '0000000005', '5', 'in attività');
INSERT INTO public.salaoperatoria VALUES ('medicina nucleare', '0000000005', '6', 'in attività');
INSERT INTO public.salaoperatoria VALUES ('medicina nucleare', '0000000005', '7', 'in attività');
INSERT INTO public.salaoperatoria VALUES ('chirurgia senologica', '0000000006', '1', 'in attività');
INSERT INTO public.salaoperatoria VALUES ('chirurgia vascolare', '0000000006', '1', 'in attività');
INSERT INTO public.salaoperatoria VALUES ('chirurgia vascolare', '0000000006', '2', 'in attività');
INSERT INTO public.salaoperatoria VALUES ('chirurgia vascolare', '0000000006', '3', 'in attività');
INSERT INTO public.salaoperatoria VALUES ('malattie infettive', '0000000006', '1', 'in attività');
INSERT INTO public.salaoperatoria VALUES ('malattie infettive', '0000000006', '2', 'in attività');
INSERT INTO public.salaoperatoria VALUES ('malattie infettive', '0000000006', '3', 'in attività');
INSERT INTO public.salaoperatoria VALUES ('malattie infettive', '0000000006', '4', 'in attività');
INSERT INTO public.salaoperatoria VALUES ('malattie infettive', '0000000006', '5', 'in attività');
INSERT INTO public.salaoperatoria VALUES ('medicina nucleare', '0000000006', '1', 'in attività');
INSERT INTO public.salaoperatoria VALUES ('medicina nucleare', '0000000006', '2', 'in attività');
INSERT INTO public.salaoperatoria VALUES ('medicina nucleare', '0000000006', '3', 'in attività');
INSERT INTO public.salaoperatoria VALUES ('medicina nucleare', '0000000006', '4', 'in attività');
INSERT INTO public.salaoperatoria VALUES ('cardiologia', '0000000006', '1', 'in attività');
INSERT INTO public.salaoperatoria VALUES ('cardiologia', '0000000006', '2', 'in attività');
INSERT INTO public.salaoperatoria VALUES ('cardiologia', '0000000006', '3', 'in attività');
INSERT INTO public.salaoperatoria VALUES ('cardiologia', '0000000006', '4', 'in attività');
INSERT INTO public.salaoperatoria VALUES ('cardiologia', '0000000006', '5', 'in attività');
INSERT INTO public.salaoperatoria VALUES ('chirurgia senologica', '0000000008', '1', 'in attività');
INSERT INTO public.salaoperatoria VALUES ('cardiologia', '0000000008', '1', 'in attività');
INSERT INTO public.salaoperatoria VALUES ('cardiologia', '0000000008', '2', 'in attività');
INSERT INTO public.salaoperatoria VALUES ('chirurgia vascolare', '0000000008', '1', 'in attività');
INSERT INTO public.salaoperatoria VALUES ('chirurgia vascolare', '0000000008', '2', 'in attività');
INSERT INTO public.salaoperatoria VALUES ('chirurgia vascolare', '0000000008', '3', 'in attività');
INSERT INTO public.salaoperatoria VALUES ('chirurgia vascolare', '0000000008', '4', 'in attività');
INSERT INTO public.salaoperatoria VALUES ('chirurgia vascolare', '0000000008', '5', 'in attività');
INSERT INTO public.salaoperatoria VALUES ('chirurgia vascolare', '0000000008', '6', 'in attività');
INSERT INTO public.salaoperatoria VALUES ('malattie infettive', '0000000008', '1', 'in attività');
INSERT INTO public.salaoperatoria VALUES ('malattie infettive', '0000000008', '2', 'in attività');
INSERT INTO public.salaoperatoria VALUES ('malattie infettive', '0000000008', '3', 'in attività');
INSERT INTO public.salaoperatoria VALUES ('malattie infettive', '0000000008', '4', 'in attività');
INSERT INTO public.salaoperatoria VALUES ('malattie infettive', '0000000008', '5', 'in attività');
INSERT INTO public.salaoperatoria VALUES ('malattie infettive', '0000000008', '6', 'in attività');
INSERT INTO public.salaoperatoria VALUES ('malattie infettive', '0000000008', '7', 'in attività');
INSERT INTO public.salaoperatoria VALUES ('medicina nucleare', '0000000008', '1', 'in attività');
INSERT INTO public.salaoperatoria VALUES ('medicina nucleare', '0000000008', '2', 'in attività');
INSERT INTO public.salaoperatoria VALUES ('medicina nucleare', '0000000008', '3', 'in attività');
INSERT INTO public.salaoperatoria VALUES ('medicina nucleare', '0000000008', '4', 'in attività');
INSERT INTO public.salaoperatoria VALUES ('chirurgia vascolare', '0000000009', '1', 'in attività');
INSERT INTO public.salaoperatoria VALUES ('chirurgia vascolare', '0000000009', '2', 'in attività');
INSERT INTO public.salaoperatoria VALUES ('chirurgia vascolare', '0000000009', '3', 'in attività');
INSERT INTO public.salaoperatoria VALUES ('chirurgia senologica', '0000000009', '1', 'in attività');
INSERT INTO public.salaoperatoria VALUES ('chirurgia senologica', '0000000009', '2', 'in attività');
INSERT INTO public.salaoperatoria VALUES ('chirurgia senologica', '0000000009', '3', 'in attività');
INSERT INTO public.salaoperatoria VALUES ('chirurgia senologica', '0000000009', '4', 'in attività');
INSERT INTO public.salaoperatoria VALUES ('malattie infettive', '0000000009', '1', 'in attività');
INSERT INTO public.salaoperatoria VALUES ('malattie infettive', '0000000009', '2', 'in attività');
INSERT INTO public.salaoperatoria VALUES ('malattie infettive', '0000000009', '3', 'in attività');
INSERT INTO public.salaoperatoria VALUES ('cardiologia', '0000000009', '1', 'in attività');
INSERT INTO public.salaoperatoria VALUES ('cardiologia', '0000000009', '2', 'in attività');
INSERT INTO public.salaoperatoria VALUES ('cardiologia', '0000000009', '3', 'in attività');
INSERT INTO public.salaoperatoria VALUES ('cardiologia', '0000000009', '4', 'in attività');
INSERT INTO public.salaoperatoria VALUES ('cardiologia', '0000000009', '5', 'in attività');
INSERT INTO public.salaoperatoria VALUES ('cardiologia', '0000000009', '6', 'in attività');
INSERT INTO public.salaoperatoria VALUES ('cardiologia', '0000000009', '7', 'in attività');
INSERT INTO public.salaoperatoria VALUES ('medicina nucleare', '0000000009', '1', 'in attività');
INSERT INTO public.salaoperatoria VALUES ('medicina nucleare', '0000000009', '2', 'in attività');
INSERT INTO public.salaoperatoria VALUES ('medicina nucleare', '0000000009', '3', 'in attività');
INSERT INTO public.salaoperatoria VALUES ('chirurgia senologica', '0000000010', '1', 'in attività');
INSERT INTO public.salaoperatoria VALUES ('chirurgia senologica', '0000000010', '2', 'in attività');
INSERT INTO public.salaoperatoria VALUES ('chirurgia senologica', '0000000010', '3', 'in attività');
INSERT INTO public.salaoperatoria VALUES ('chirurgia senologica', '0000000010', '4', 'in attività');
INSERT INTO public.salaoperatoria VALUES ('cardiologia', '0000000010', '1', 'in attività');
INSERT INTO public.salaoperatoria VALUES ('cardiologia', '0000000010', '2', 'in attività');
INSERT INTO public.salaoperatoria VALUES ('chirurgia vascolare', '0000000010', '1', 'in attività');
INSERT INTO public.salaoperatoria VALUES ('chirurgia vascolare', '0000000010', '2', 'in attività');
INSERT INTO public.salaoperatoria VALUES ('chirurgia vascolare', '0000000010', '3', 'in attività');
INSERT INTO public.salaoperatoria VALUES ('chirurgia vascolare', '0000000010', '4', 'in attività');
INSERT INTO public.salaoperatoria VALUES ('malattie infettive', '0000000010', '1', 'in attività');
INSERT INTO public.salaoperatoria VALUES ('malattie infettive', '0000000010', '2', 'in attività');
INSERT INTO public.salaoperatoria VALUES ('malattie infettive', '0000000010', '3', 'in attività');
INSERT INTO public.salaoperatoria VALUES ('malattie infettive', '0000000010', '4', 'in attività');
INSERT INTO public.salaoperatoria VALUES ('malattie infettive', '0000000010', '5', 'in attività');
INSERT INTO public.salaoperatoria VALUES ('malattie infettive', '0000000010', '6', 'in attività');
INSERT INTO public.salaoperatoria VALUES ('malattie infettive', '0000000010', '7', 'in attività');
INSERT INTO public.salaoperatoria VALUES ('medicina nucleare', '0000000010', '1', 'in attività');
INSERT INTO public.salaoperatoria VALUES ('medicina nucleare', '0000000010', '2', 'in attività');
INSERT INTO public.salaoperatoria VALUES ('cardiologia', '0000000011', '1', 'in attività');
INSERT INTO public.salaoperatoria VALUES ('chirurgia senologica', '0000000011', '1', 'in attività');
INSERT INTO public.salaoperatoria VALUES ('chirurgia senologica', '0000000011', '2', 'in attività');
INSERT INTO public.salaoperatoria VALUES ('chirurgia senologica', '0000000011', '3', 'in attività');
INSERT INTO public.salaoperatoria VALUES ('chirurgia senologica', '0000000011', '4', 'in attività');
INSERT INTO public.salaoperatoria VALUES ('chirurgia vascolare', '0000000011', '1', 'in attività');
INSERT INTO public.salaoperatoria VALUES ('malattie infettive', '0000000011', '1', 'in attività');
INSERT INTO public.salaoperatoria VALUES ('malattie infettive', '0000000011', '2', 'in attività');
INSERT INTO public.salaoperatoria VALUES ('malattie infettive', '0000000011', '3', 'in attività');
INSERT INTO public.salaoperatoria VALUES ('malattie infettive', '0000000011', '4', 'in attività');
INSERT INTO public.salaoperatoria VALUES ('malattie infettive', '0000000011', '5', 'in attività');
INSERT INTO public.salaoperatoria VALUES ('malattie infettive', '0000000011', '6', 'in attività');
INSERT INTO public.salaoperatoria VALUES ('medicina nucleare', '0000000011', '1', 'in attività');
INSERT INTO public.salaoperatoria VALUES ('medicina nucleare', '0000000011', '2', 'in attività');
INSERT INTO public.salaoperatoria VALUES ('chirurgia senologica', '0000000012', '1', 'in attività');
INSERT INTO public.salaoperatoria VALUES ('chirurgia senologica', '0000000012', '2', 'in attività');
INSERT INTO public.salaoperatoria VALUES ('chirurgia vascolare', '0000000012', '1', 'in attività');
INSERT INTO public.salaoperatoria VALUES ('chirurgia vascolare', '0000000012', '2', 'in attività');
INSERT INTO public.salaoperatoria VALUES ('chirurgia vascolare', '0000000012', '3', 'in attività');
INSERT INTO public.salaoperatoria VALUES ('chirurgia vascolare', '0000000012', '4', 'in attività');
INSERT INTO public.salaoperatoria VALUES ('chirurgia vascolare', '0000000012', '5', 'in attività');
INSERT INTO public.salaoperatoria VALUES ('chirurgia vascolare', '0000000012', '6', 'in attività');
INSERT INTO public.salaoperatoria VALUES ('malattie infettive', '0000000012', '1', 'in attività');
INSERT INTO public.salaoperatoria VALUES ('malattie infettive', '0000000012', '2', 'in attività');
INSERT INTO public.salaoperatoria VALUES ('malattie infettive', '0000000012', '3', 'in attività');
INSERT INTO public.salaoperatoria VALUES ('malattie infettive', '0000000012', '4', 'in attività');
INSERT INTO public.salaoperatoria VALUES ('medicina nucleare', '0000000012', '1', 'in attività');
INSERT INTO public.salaoperatoria VALUES ('medicina nucleare', '0000000012', '2', 'in attività');
INSERT INTO public.salaoperatoria VALUES ('medicina nucleare', '0000000012', '3', 'in attività');
INSERT INTO public.salaoperatoria VALUES ('medicina nucleare', '0000000012', '4', 'in attività');
INSERT INTO public.salaoperatoria VALUES ('cardiologia', '0000000012', '1', 'in attività');
INSERT INTO public.salaoperatoria VALUES ('cardiologia', '0000000012', '2', 'in attività');
INSERT INTO public.salaoperatoria VALUES ('chirurgia senologica', '0000000012', '3', 'in attività');
INSERT INTO public.salaoperatoria VALUES ('chirurgia senologica', '0000000012', '4', 'in attività');



INSERT INTO public.operazione VALUES ('chirurgia senologica', '0000000001', '1', 'BLUFMN98B27A982P', '2009-09-12', '09:23:00', 'positivo');
INSERT INTO public.operazione VALUES ('medicina nucleare', '0000000001', '2', 'BLUFMN98B27A982P', '2004-06-07', '10:15:00', 'positivo');
INSERT INTO public.operazione VALUES ('chirurgia vascolare', '0000000002', '1', 'VNTMCL02T12A403A', '2022-07-13', '16:22:00', 'positivo');
INSERT INTO public.operazione VALUES ('cardiologia', '0000000003', '2', 'VNTMCL02T12A403A', '2019-09-12', '09:56:00', 'positivo');
INSERT INTO public.operazione VALUES ('cardiologia', '0000000005', '3', 'RGDVGL53S21A982C', '1996-11-01', '19:30:00', 'positivo');
INSERT INTO public.operazione VALUES ('malattie infettive', '0000000006', '2', 'RGDVGL53S21A982C', '1978-10-31', '07:48:00', 'positivo');
INSERT INTO public.operazione VALUES ('chirurgia vascolare', '0000000005', '1', 'GLLMRA94C62F205K', '2007-01-29', '09:37:00', 'positivo');





INSERT INTO public.orarioapertura VALUES ('lunedì', 'Via Antonio Cechov, 50, 20151 Milano MI', '07:10:00', '17:10:00');
INSERT INTO public.orarioapertura VALUES ('martedì', 'Via Antonio Cechov, 50, 20151 Milano MI', '07:50:00', '18:10:00');
INSERT INTO public.orarioapertura VALUES ('mercoledì', 'Via Antonio Cechov, 50, 20151 Milano MI', '07:40:00', '18:00:00');
INSERT INTO public.orarioapertura VALUES ('giovedì', 'Via Antonio Cechov, 50, 20151 Milano MI', '07:20:00', '17:50:00');
INSERT INTO public.orarioapertura VALUES ('venerdì', 'Via Antonio Cechov, 50, 20151 Milano MI', '08:30:00', '18:20:00');
INSERT INTO public.orarioapertura VALUES ('lunedì', 'Via Celeste Clericetti, 22, 20133 Milano MI', '07:10:00', '17:10:00');
INSERT INTO public.orarioapertura VALUES ('martedì', 'Via Celeste Clericetti, 22, 20133 Milano MI', '07:50:00', '18:10:00');
INSERT INTO public.orarioapertura VALUES ('mercoledì', 'Via Celeste Clericetti, 22, 20133 Milano MI', '07:40:00', '18:00:00');
INSERT INTO public.orarioapertura VALUES ('giovedì', 'Via Celeste Clericetti, 22, 20133 Milano MI', '07:20:00', '17:50:00');
INSERT INTO public.orarioapertura VALUES ('venerdì', 'Via Celeste Clericetti, 22, 20133 Milano MI', '08:30:00', '18:20:00');
INSERT INTO public.orarioapertura VALUES ('lunedì', 'Viale don Luigi Orione, 2, 20132 Milano MI', '07:10:00', '17:10:00');
INSERT INTO public.orarioapertura VALUES ('martedì', 'Viale don Luigi Orione, 2, 20132 Milano MI', '07:50:00', '18:10:00');
INSERT INTO public.orarioapertura VALUES ('mercoledì', 'Viale don Luigi Orione, 2, 20132 Milano MI', '07:40:00', '18:00:00');
INSERT INTO public.orarioapertura VALUES ('giovedì', 'Viale don Luigi Orione, 2, 20132 Milano MI', '07:20:00', '17:50:00');
INSERT INTO public.orarioapertura VALUES ('venerdì', 'Viale don Luigi Orione, 2, 20132 Milano MI', '08:30:00', '18:20:00');



INSERT INTO public.oss_ind VALUES ('OSRP00000065', 1);
INSERT INTO public.oss_ind VALUES ('OSRP00000068', 2);
INSERT INTO public.oss_ind VALUES ('OSRP00000076', 3);
INSERT INTO public.oss_ind VALUES ('OSRP00000079', 4);
INSERT INTO public.oss_ind VALUES ('OSRP00000080', 5);
INSERT INTO public.oss_ind VALUES ('OSRP00000086', 6);
INSERT INTO public.oss_ind VALUES ('OSRP00000087', 7);
INSERT INTO public.oss_ind VALUES ('OSRP00000088', 8);
INSERT INTO public.oss_ind VALUES ('OSRP00000089', 9);
INSERT INTO public.oss_ind VALUES ('OSRP00000098', 10);




INSERT INTO public.salaricovero VALUES ('chirurgia vascolare', '0000000001', '1', 'in attività', 2, 0);
INSERT INTO public.salaricovero VALUES ('chirurgia vascolare', '0000000001', '2', 'in attività', 3, 0);
INSERT INTO public.salaricovero VALUES ('chirurgia vascolare', '0000000001', '3', 'in attività', 4, 0);
INSERT INTO public.salaricovero VALUES ('chirurgia vascolare', '0000000001', '4', 'in attività', 5, 0);
INSERT INTO public.salaricovero VALUES ('chirurgia vascolare', '0000000001', '5', 'in attività', 1, 0);
INSERT INTO public.salaricovero VALUES ('chirurgia vascolare', '0000000001', '6', 'in attività', 4, 0);
INSERT INTO public.salaricovero VALUES ('malattie infettive', '0000000001', '1', 'in attività', 6, 0);
INSERT INTO public.salaricovero VALUES ('malattie infettive', '0000000001', '2', 'in attività', 6, 0);
INSERT INTO public.salaricovero VALUES ('malattie infettive', '0000000001', '3', 'in attività', 2, 0);
INSERT INTO public.salaricovero VALUES ('malattie infettive', '0000000001', '4', 'in attività', 3, 0);
INSERT INTO public.salaricovero VALUES ('malattie infettive', '0000000001', '5', 'in attività', 2, 0);
INSERT INTO public.salaricovero VALUES ('malattie infettive', '0000000001', '6', 'in attività', 2, 0);
INSERT INTO public.salaricovero VALUES ('malattie infettive', '0000000001', '7', 'in attività', 5, 0);
INSERT INTO public.salaricovero VALUES ('medicina nucleare', '0000000001', '1', 'in attività', 6, 0);
INSERT INTO public.salaricovero VALUES ('medicina nucleare', '0000000001', '2', 'in attività', 5, 0);
INSERT INTO public.salaricovero VALUES ('medicina nucleare', '0000000001', '3', 'in attività', 1, 0);
INSERT INTO public.salaricovero VALUES ('medicina nucleare', '0000000001', '4', 'in attività', 4, 0);
INSERT INTO public.salaricovero VALUES ('medicina nucleare', '0000000001', '5', 'in attività', 2, 0);
INSERT INTO public.salaricovero VALUES ('cardiologia', '0000000001', '1', 'in attività', 6, 0);
INSERT INTO public.salaricovero VALUES ('cardiologia', '0000000001', '2', 'in attività', 6, 0);
INSERT INTO public.salaricovero VALUES ('cardiologia', '0000000001', '3', 'in attività', 4, 0);
INSERT INTO public.salaricovero VALUES ('cardiologia', '0000000001', '4', 'in attività', 2, 0);
INSERT INTO public.salaricovero VALUES ('cardiologia', '0000000002', '1', 'in attività', 1, 0);
INSERT INTO public.salaricovero VALUES ('chirurgia vascolare', '0000000002', '1', 'in attività', 1, 0);
INSERT INTO public.salaricovero VALUES ('chirurgia vascolare', '0000000002', '2', 'in attività', 4, 0);
INSERT INTO public.salaricovero VALUES ('chirurgia vascolare', '0000000002', '3', 'in attività', 6, 0);
INSERT INTO public.salaricovero VALUES ('chirurgia vascolare', '0000000002', '4', 'in attività', 6, 0);
INSERT INTO public.salaricovero VALUES ('malattie infettive', '0000000002', '1', 'in attività', 5, 0);
INSERT INTO public.salaricovero VALUES ('malattie infettive', '0000000002', '2', 'in attività', 1, 0);
INSERT INTO public.salaricovero VALUES ('malattie infettive', '0000000002', '3', 'in attività', 4, 0);
INSERT INTO public.salaricovero VALUES ('malattie infettive', '0000000002', '4', 'in attività', 5, 0);
INSERT INTO public.salaricovero VALUES ('malattie infettive', '0000000002', '5', 'in attività', 5, 0);
INSERT INTO public.salaricovero VALUES ('malattie infettive', '0000000002', '6', 'in attività', 5, 0);
INSERT INTO public.salaricovero VALUES ('medicina nucleare', '0000000002', '1', 'in attività', 7, 0);
INSERT INTO public.salaricovero VALUES ('medicina nucleare', '0000000002', '2', 'in attività', 4, 0);
INSERT INTO public.salaricovero VALUES ('medicina nucleare', '0000000002', '3', 'in attività', 3, 0);
INSERT INTO public.salaricovero VALUES ('medicina nucleare', '0000000002', '4', 'in attività', 4, 0);
INSERT INTO public.salaricovero VALUES ('medicina nucleare', '0000000002', '5', 'in attività', 3, 0);
INSERT INTO public.salaricovero VALUES ('chirurgia vascolare', '0000000003', '1', 'in attività', 6, 0);
INSERT INTO public.salaricovero VALUES ('chirurgia vascolare', '0000000003', '2', 'in attività', 1, 0);
INSERT INTO public.salaricovero VALUES ('chirurgia vascolare', '0000000003', '3', 'in attività', 1, 0);
INSERT INTO public.salaricovero VALUES ('chirurgia vascolare', '0000000003', '4', 'in attività', 7, 0);
INSERT INTO public.salaricovero VALUES ('chirurgia vascolare', '0000000003', '5', 'in attività', 7, 0);
INSERT INTO public.salaricovero VALUES ('malattie infettive', '0000000003', '1', 'in attività', 3, 0);
INSERT INTO public.salaricovero VALUES ('malattie infettive', '0000000003', '2', 'in attività', 2, 0);
INSERT INTO public.salaricovero VALUES ('malattie infettive', '0000000003', '3', 'in attività', 7, 0);
INSERT INTO public.salaricovero VALUES ('cardiologia', '0000000003', '1', 'in attività', 4, 0);
INSERT INTO public.salaricovero VALUES ('cardiologia', '0000000003', '2', 'in attività', 3, 0);
INSERT INTO public.salaricovero VALUES ('medicina nucleare', '0000000003', '1', 'in attività', 3, 0);
INSERT INTO public.salaricovero VALUES ('medicina nucleare', '0000000003', '2', 'in attività', 6, 0);
INSERT INTO public.salaricovero VALUES ('medicina nucleare', '0000000003', '3', 'in attività', 6, 0);
INSERT INTO public.salaricovero VALUES ('cardiologia', '0000000004', '1', 'in attività', 5, 0);
INSERT INTO public.salaricovero VALUES ('cardiologia', '0000000004', '2', 'in attività', 5, 0);
INSERT INTO public.salaricovero VALUES ('cardiologia', '0000000004', '3', 'in attività', 1, 0);
INSERT INTO public.salaricovero VALUES ('chirurgia vascolare', '0000000004', '1', 'in attività', 4, 0);
INSERT INTO public.salaricovero VALUES ('chirurgia vascolare', '0000000004', '2', 'in attività', 2, 0);
INSERT INTO public.salaricovero VALUES ('chirurgia vascolare', '0000000004', '3', 'in attività', 3, 0);
INSERT INTO public.salaricovero VALUES ('chirurgia vascolare', '0000000004', '4', 'in attività', 3, 0);
INSERT INTO public.salaricovero VALUES ('chirurgia vascolare', '0000000004', '5', 'in attività', 7, 0);
INSERT INTO public.salaricovero VALUES ('chirurgia vascolare', '0000000004', '6', 'in attività', 2, 0);
INSERT INTO public.salaricovero VALUES ('malattie infettive', '0000000004', '1', 'in attività', 2, 0);
INSERT INTO public.salaricovero VALUES ('malattie infettive', '0000000004', '2', 'in attività', 5, 0);
INSERT INTO public.salaricovero VALUES ('malattie infettive', '0000000004', '3', 'in attività', 4, 0);
INSERT INTO public.salaricovero VALUES ('malattie infettive', '0000000004', '4', 'in attività', 4, 0);
INSERT INTO public.salaricovero VALUES ('malattie infettive', '0000000004', '5', 'in attività', 7, 0);
INSERT INTO public.salaricovero VALUES ('malattie infettive', '0000000004', '6', 'in attività', 6, 0);
INSERT INTO public.salaricovero VALUES ('medicina nucleare', '0000000004', '1', 'in attività', 3, 0);
INSERT INTO public.salaricovero VALUES ('medicina nucleare', '0000000004', '2', 'in attività', 2, 0);
INSERT INTO public.salaricovero VALUES ('medicina nucleare', '0000000004', '3', 'in attività', 5, 0);
INSERT INTO public.salaricovero VALUES ('medicina nucleare', '0000000004', '4', 'in attività', 3, 0);
INSERT INTO public.salaricovero VALUES ('medicina nucleare', '0000000004', '5', 'in attività', 2, 0);
INSERT INTO public.salaricovero VALUES ('cardiologia', '0000000005', '1', 'in attività', 5, 0);
INSERT INTO public.salaricovero VALUES ('cardiologia', '0000000005', '2', 'in attività', 6, 0);
INSERT INTO public.salaricovero VALUES ('cardiologia', '0000000005', '3', 'in attività', 2, 0);
INSERT INTO public.salaricovero VALUES ('chirurgia vascolare', '0000000005', '1', 'in attività', 6, 0);
INSERT INTO public.salaricovero VALUES ('chirurgia vascolare', '0000000005', '2', 'in attività', 6, 0);
INSERT INTO public.salaricovero VALUES ('chirurgia vascolare', '0000000005', '3', 'in attività', 2, 0);
INSERT INTO public.salaricovero VALUES ('chirurgia vascolare', '0000000005', '4', 'in attività', 6, 0);
INSERT INTO public.salaricovero VALUES ('malattie infettive', '0000000005', '1', 'in attività', 3, 0);
INSERT INTO public.salaricovero VALUES ('malattie infettive', '0000000005', '2', 'in attività', 6, 0);
INSERT INTO public.salaricovero VALUES ('malattie infettive', '0000000005', '3', 'in attività', 6, 0);
INSERT INTO public.salaricovero VALUES ('malattie infettive', '0000000005', '4', 'in attività', 5, 0);
INSERT INTO public.salaricovero VALUES ('malattie infettive', '0000000005', '5', 'in attività', 2, 0);
INSERT INTO public.salaricovero VALUES ('malattie infettive', '0000000005', '6', 'in attività', 6, 0);
INSERT INTO public.salaricovero VALUES ('malattie infettive', '0000000005', '7', 'in attività', 7, 0);
INSERT INTO public.salaricovero VALUES ('medicina nucleare', '0000000005', '1', 'in attività', 7, 0);
INSERT INTO public.salaricovero VALUES ('medicina nucleare', '0000000005', '2', 'in attività', 6, 0);
INSERT INTO public.salaricovero VALUES ('medicina nucleare', '0000000005', '3', 'in attività', 5, 0);
INSERT INTO public.salaricovero VALUES ('medicina nucleare', '0000000005', '4', 'in attività', 6, 0);
INSERT INTO public.salaricovero VALUES ('medicina nucleare', '0000000005', '5', 'in attività', 5, 0);
INSERT INTO public.salaricovero VALUES ('chirurgia vascolare', '0000000006', '1', 'in attività', 4, 0);
INSERT INTO public.salaricovero VALUES ('chirurgia vascolare', '0000000006', '2', 'in attività', 5, 0);
INSERT INTO public.salaricovero VALUES ('chirurgia vascolare', '0000000006', '3', 'in attività', 6, 0);
INSERT INTO public.salaricovero VALUES ('malattie infettive', '0000000006', '1', 'in attività', 5, 0);
INSERT INTO public.salaricovero VALUES ('malattie infettive', '0000000006', '2', 'in attività', 1, 0);
INSERT INTO public.salaricovero VALUES ('malattie infettive', '0000000006', '3', 'in attività', 2, 0);
INSERT INTO public.salaricovero VALUES ('medicina nucleare', '0000000006', '1', 'in attività', 1, 0);
INSERT INTO public.salaricovero VALUES ('medicina nucleare', '0000000006', '2', 'in attività', 5, 0);
INSERT INTO public.salaricovero VALUES ('medicina nucleare', '0000000006', '3', 'in attività', 3, 0);
INSERT INTO public.salaricovero VALUES ('medicina nucleare', '0000000006', '4', 'in attività', 6, 0);
INSERT INTO public.salaricovero VALUES ('medicina nucleare', '0000000006', '5', 'in attività', 2, 0);
INSERT INTO public.salaricovero VALUES ('cardiologia', '0000000006', '1', 'in attività', 6, 0);
INSERT INTO public.salaricovero VALUES ('cardiologia', '0000000006', '2', 'in attività', 3, 0);
INSERT INTO public.salaricovero VALUES ('cardiologia', '0000000006', '3', 'in attività', 2, 0);
INSERT INTO public.salaricovero VALUES ('cardiologia', '0000000006', '4', 'in attività', 4, 0);
INSERT INTO public.salaricovero VALUES ('cardiologia', '0000000006', '5', 'in attività', 5, 0);
INSERT INTO public.salaricovero VALUES ('cardiologia', '0000000008', '1', 'in attività', 4, 0);
INSERT INTO public.salaricovero VALUES ('cardiologia', '0000000008', '2', 'in attività', 3, 0);
INSERT INTO public.salaricovero VALUES ('cardiologia', '0000000008', '3', 'in attività', 3, 0);
INSERT INTO public.salaricovero VALUES ('cardiologia', '0000000008', '4', 'in attività', 4, 0);
INSERT INTO public.salaricovero VALUES ('chirurgia vascolare', '0000000008', '1', 'in attività', 3, 0);
INSERT INTO public.salaricovero VALUES ('chirurgia vascolare', '0000000008', '2', 'in attività', 5, 0);
INSERT INTO public.salaricovero VALUES ('chirurgia vascolare', '0000000008', '3', 'in attività', 6, 0);
INSERT INTO public.salaricovero VALUES ('chirurgia vascolare', '0000000008', '4', 'in attività', 5, 0);
INSERT INTO public.salaricovero VALUES ('chirurgia vascolare', '0000000008', '5', 'in attività', 2, 0);
INSERT INTO public.salaricovero VALUES ('chirurgia vascolare', '0000000008', '6', 'in attività', 1, 0);
INSERT INTO public.salaricovero VALUES ('malattie infettive', '0000000008', '1', 'in attività', 6, 0);
INSERT INTO public.salaricovero VALUES ('malattie infettive', '0000000008', '2', 'in attività', 7, 0);
INSERT INTO public.salaricovero VALUES ('malattie infettive', '0000000008', '3', 'in attività', 4, 0);
INSERT INTO public.salaricovero VALUES ('malattie infettive', '0000000008', '4', 'in attività', 6, 0);
INSERT INTO public.salaricovero VALUES ('medicina nucleare', '0000000008', '1', 'in attività', 4, 0);
INSERT INTO public.salaricovero VALUES ('medicina nucleare', '0000000008', '2', 'in attività', 6, 0);
INSERT INTO public.salaricovero VALUES ('medicina nucleare', '0000000008', '3', 'in attività', 4, 0);
INSERT INTO public.salaricovero VALUES ('medicina nucleare', '0000000008', '4', 'in attività', 6, 0);
INSERT INTO public.salaricovero VALUES ('chirurgia vascolare', '0000000009', '1', 'in attività', 5, 0);
INSERT INTO public.salaricovero VALUES ('chirurgia vascolare', '0000000009', '2', 'in attività', 3, 0);
INSERT INTO public.salaricovero VALUES ('chirurgia vascolare', '0000000009', '3', 'in attività', 1, 0);
INSERT INTO public.salaricovero VALUES ('chirurgia vascolare', '0000000009', '4', 'in attività', 6, 0);
INSERT INTO public.salaricovero VALUES ('malattie infettive', '0000000009', '1', 'in attività', 3, 0);
INSERT INTO public.salaricovero VALUES ('cardiologia', '0000000009', '1', 'in attività', 2, 0);
INSERT INTO public.salaricovero VALUES ('cardiologia', '0000000009', '2', 'in attività', 5, 0);
INSERT INTO public.salaricovero VALUES ('cardiologia', '0000000009', '3', 'in attività', 3, 0);
INSERT INTO public.salaricovero VALUES ('cardiologia', '0000000009', '4', 'in attività', 5, 0);
INSERT INTO public.salaricovero VALUES ('medicina nucleare', '0000000009', '1', 'in attività', 7, 0);
INSERT INTO public.salaricovero VALUES ('medicina nucleare', '0000000009', '2', 'in attività', 2, 0);
INSERT INTO public.salaricovero VALUES ('medicina nucleare', '0000000009', '3', 'in attività', 2, 0);
INSERT INTO public.salaricovero VALUES ('medicina nucleare', '0000000009', '4', 'in attività', 6, 0);
INSERT INTO public.salaricovero VALUES ('cardiologia', '0000000010', '1', 'in attività', 2, 0);
INSERT INTO public.salaricovero VALUES ('cardiologia', '0000000010', '2', 'in attività', 4, 0);
INSERT INTO public.salaricovero VALUES ('cardiologia', '0000000010', '3', 'in attività', 5, 0);
INSERT INTO public.salaricovero VALUES ('cardiologia', '0000000010', '4', 'in attività', 2, 0);
INSERT INTO public.salaricovero VALUES ('cardiologia', '0000000010', '5', 'in attività', 1, 0);
INSERT INTO public.salaricovero VALUES ('chirurgia vascolare', '0000000010', '1', 'in attività', 1, 0);
INSERT INTO public.salaricovero VALUES ('chirurgia vascolare', '0000000010', '2', 'in attività', 5, 0);
INSERT INTO public.salaricovero VALUES ('chirurgia vascolare', '0000000010', '3', 'in attività', 4, 0);
INSERT INTO public.salaricovero VALUES ('chirurgia vascolare', '0000000010', '4', 'in attività', 5, 0);
INSERT INTO public.salaricovero VALUES ('chirurgia vascolare', '0000000010', '5', 'in attività', 6, 0);
INSERT INTO public.salaricovero VALUES ('chirurgia vascolare', '0000000010', '6', 'in attività', 4, 0);
INSERT INTO public.salaricovero VALUES ('malattie infettive', '0000000010', '1', 'in attività', 5, 0);
INSERT INTO public.salaricovero VALUES ('malattie infettive', '0000000010', '2', 'in attività', 2, 0);
INSERT INTO public.salaricovero VALUES ('malattie infettive', '0000000010', '3', 'in attività', 5, 0);
INSERT INTO public.salaricovero VALUES ('malattie infettive', '0000000010', '4', 'in attività', 2, 0);
INSERT INTO public.salaricovero VALUES ('medicina nucleare', '0000000010', '1', 'in attività', 5, 0);
INSERT INTO public.salaricovero VALUES ('cardiologia', '0000000011', '1', 'in attività', 4, 0);
INSERT INTO public.salaricovero VALUES ('cardiologia', '0000000011', '2', 'in attività', 3, 0);
INSERT INTO public.salaricovero VALUES ('chirurgia vascolare', '0000000011', '1', 'in attività', 2, 0);
INSERT INTO public.salaricovero VALUES ('chirurgia vascolare', '0000000011', '2', 'in attività', 3, 0);
INSERT INTO public.salaricovero VALUES ('chirurgia vascolare', '0000000011', '3', 'in attività', 4, 0);
INSERT INTO public.salaricovero VALUES ('malattie infettive', '0000000011', '1', 'in attività', 5, 0);
INSERT INTO public.salaricovero VALUES ('malattie infettive', '0000000011', '2', 'in attività', 2, 0);
INSERT INTO public.salaricovero VALUES ('malattie infettive', '0000000011', '3', 'in attività', 7, 0);
INSERT INTO public.salaricovero VALUES ('malattie infettive', '0000000011', '4', 'in attività', 4, 0);
INSERT INTO public.salaricovero VALUES ('medicina nucleare', '0000000011', '1', 'in attività', 6, 0);
INSERT INTO public.salaricovero VALUES ('medicina nucleare', '0000000011', '2', 'in attività', 6, 0);
INSERT INTO public.salaricovero VALUES ('medicina nucleare', '0000000011', '3', 'in attività', 6, 0);
INSERT INTO public.salaricovero VALUES ('medicina nucleare', '0000000011', '4', 'in attività', 5, 0);
INSERT INTO public.salaricovero VALUES ('medicina nucleare', '0000000011', '5', 'in attività', 2, 0);
INSERT INTO public.salaricovero VALUES ('chirurgia vascolare', '0000000012', '1', 'in attività', 6, 0);
INSERT INTO public.salaricovero VALUES ('chirurgia vascolare', '0000000012', '2', 'in attività', 2, 0);
INSERT INTO public.salaricovero VALUES ('chirurgia vascolare', '0000000012', '3', 'in attività', 6, 0);
INSERT INTO public.salaricovero VALUES ('chirurgia vascolare', '0000000012', '4', 'in attività', 4, 0);
INSERT INTO public.salaricovero VALUES ('chirurgia vascolare', '0000000012', '5', 'in attività', 4, 0);
INSERT INTO public.salaricovero VALUES ('chirurgia vascolare', '0000000012', '6', 'in attività', 4, 0);
INSERT INTO public.salaricovero VALUES ('malattie infettive', '0000000012', '1', 'in attività', 7, 0);
INSERT INTO public.salaricovero VALUES ('malattie infettive', '0000000012', '2', 'in attività', 5, 0);
INSERT INTO public.salaricovero VALUES ('medicina nucleare', '0000000012', '1', 'in attività', 2, 0);
INSERT INTO public.salaricovero VALUES ('medicina nucleare', '0000000012', '2', 'in attività', 7, 0);
INSERT INTO public.salaricovero VALUES ('cardiologia', '0000000012', '1', 'in attività', 2, 0);
INSERT INTO public.salaricovero VALUES ('cardiologia', '0000000012', '2', 'in attività', 3, 0);
INSERT INTO public.salaricovero VALUES ('cardiologia', '0000000012', '3', 'in attività', 2, 0);
INSERT INTO public.salaricovero VALUES ('cardiologia', '0000000012', '4', 'in attività', 4, 0);
INSERT INTO public.salaricovero VALUES ('cardiologia', '0000000012', '5', 'in attività', 2, 0);
INSERT INTO public.salaricovero VALUES ('cardiologia', '0000000012', '6', 'in attività', 6, 0);
INSERT INTO public.salaricovero VALUES ('chirurgia senologica', '0000000012', '1', 'in attività', 4, 0);
INSERT INTO public.salaricovero VALUES ('chirurgia senologica', '0000000012', '2', 'in attività', 6, 0);
INSERT INTO public.salaricovero VALUES ('chirurgia senologica', '0000000001', '1', 'in attività', 1, 0);
INSERT INTO public.salaricovero VALUES ('chirurgia senologica', '0000000001', '2', 'in attività', 1, 0);
INSERT INTO public.salaricovero VALUES ('chirurgia senologica', '0000000001', '3', 'in attività', 1, 0);
INSERT INTO public.salaricovero VALUES ('chirurgia senologica', '0000000001', '4', 'in attività', 1, 0);
INSERT INTO public.salaricovero VALUES ('chirurgia senologica', '0000000002', '1', 'in attività', 1, 0);
INSERT INTO public.salaricovero VALUES ('chirurgia senologica', '0000000002', '2', 'in attività', 2, 0);
INSERT INTO public.salaricovero VALUES ('chirurgia senologica', '0000000002', '3', 'in attività', 1, 0);
INSERT INTO public.salaricovero VALUES ('chirurgia senologica', '0000000002', '4', 'in attività', 2, 0);
INSERT INTO public.salaricovero VALUES ('chirurgia senologica', '0000000003', '1', 'in attività', 2, 0);
INSERT INTO public.salaricovero VALUES ('chirurgia senologica', '0000000003', '2', 'in attività', 2, 0);
INSERT INTO public.salaricovero VALUES ('chirurgia senologica', '0000000003', '3', 'in attività', 2, 0);
INSERT INTO public.salaricovero VALUES ('chirurgia senologica', '0000000003', '4', 'in attività', 1, 0);
INSERT INTO public.salaricovero VALUES ('chirurgia senologica', '0000000003', '5', 'in attività', 2, 0);
INSERT INTO public.salaricovero VALUES ('chirurgia senologica', '0000000003', '6', 'in attività', 1, 0);
INSERT INTO public.salaricovero VALUES ('chirurgia senologica', '0000000004', '1', 'in attività', 2, 0);
INSERT INTO public.salaricovero VALUES ('chirurgia senologica', '0000000004', '2', 'in attività', 1, 0);
INSERT INTO public.salaricovero VALUES ('chirurgia senologica', '0000000004', '3', 'in attività', 2, 0);
INSERT INTO public.salaricovero VALUES ('chirurgia senologica', '0000000004', '4', 'in attività', 1, 0);
INSERT INTO public.salaricovero VALUES ('chirurgia senologica', '0000000004', '5', 'in attività', 2, 0);
INSERT INTO public.salaricovero VALUES ('chirurgia senologica', '0000000004', '6', 'in attività', 1, 0);
INSERT INTO public.salaricovero VALUES ('chirurgia senologica', '0000000005', '1', 'in attività', 1, 0);
INSERT INTO public.salaricovero VALUES ('chirurgia senologica', '0000000005', '2', 'in attività', 2, 0);
INSERT INTO public.salaricovero VALUES ('chirurgia senologica', '0000000005', '3', 'in attività', 1, 0);
INSERT INTO public.salaricovero VALUES ('chirurgia senologica', '0000000005', '4', 'in attività', 1, 0);
INSERT INTO public.salaricovero VALUES ('chirurgia senologica', '0000000005', '5', 'in attività', 2, 0);
INSERT INTO public.salaricovero VALUES ('chirurgia senologica', '0000000005', '6', 'in attività', 2, 0);
INSERT INTO public.salaricovero VALUES ('chirurgia senologica', '0000000006', '1', 'in attività', 1, 0);
INSERT INTO public.salaricovero VALUES ('chirurgia senologica', '0000000006', '2', 'in attività', 1, 0);
INSERT INTO public.salaricovero VALUES ('chirurgia senologica', '0000000006', '3', 'in attività', 1, 0);
INSERT INTO public.salaricovero VALUES ('chirurgia senologica', '0000000006', '4', 'in attività', 1, 0);
INSERT INTO public.salaricovero VALUES ('chirurgia senologica', '0000000008', '1', 'in attività', 2, 0);
INSERT INTO public.salaricovero VALUES ('chirurgia senologica', '0000000008', '2', 'in attività', 1, 0);
INSERT INTO public.salaricovero VALUES ('chirurgia senologica', '0000000008', '3', 'in attività', 2, 0);
INSERT INTO public.salaricovero VALUES ('chirurgia senologica', '0000000008', '4', 'in attività', 2, 0);
INSERT INTO public.salaricovero VALUES ('chirurgia senologica', '0000000008', '5', 'in attività', 2, 0);
INSERT INTO public.salaricovero VALUES ('chirurgia senologica', '0000000009', '1', 'in attività', 1, 0);
INSERT INTO public.salaricovero VALUES ('chirurgia senologica', '0000000009', '2', 'in attività', 2, 0);
INSERT INTO public.salaricovero VALUES ('chirurgia senologica', '0000000009', '3', 'in attività', 1, 0);
INSERT INTO public.salaricovero VALUES ('chirurgia senologica', '0000000009', '4', 'in attività', 1, 0);
INSERT INTO public.salaricovero VALUES ('chirurgia senologica', '0000000010', '1', 'in attività', 1, 0);
INSERT INTO public.salaricovero VALUES ('chirurgia senologica', '0000000010', '2', 'in attività', 2, 0);
INSERT INTO public.salaricovero VALUES ('chirurgia senologica', '0000000010', '3', 'in attività', 1, 0);
INSERT INTO public.salaricovero VALUES ('chirurgia senologica', '0000000010', '4', 'in attività', 2, 0);
INSERT INTO public.salaricovero VALUES ('chirurgia senologica', '0000000010', '5', 'in attività', 1, 0);
INSERT INTO public.salaricovero VALUES ('chirurgia senologica', '0000000011', '1', 'in attività', 1, 0);
INSERT INTO public.salaricovero VALUES ('chirurgia senologica', '0000000011', '2', 'in attività', 1, 0);
INSERT INTO public.salaricovero VALUES ('chirurgia senologica', '0000000011', '3', 'in attività', 2, 0);
INSERT INTO public.salaricovero VALUES ('chirurgia senologica', '0000000011', '4', 'in attività', 2, 0);
INSERT INTO public.salaricovero VALUES ('chirurgia senologica', '0000000011', '5', 'in attività', 1, 0);




INSERT INTO public.ricovero VALUES ('chirurgia senologica', '0000000001', '2', 'BLUFMN98B27A982P', '2009-09-11', '2009-09-16');
INSERT INTO public.ricovero VALUES ('medicina nucleare', '0000000001', '3', 'BLUFMN98B27A982P', '2004-05-31', '2004-06-17');
INSERT INTO public.ricovero VALUES ('chirurgia vascolare', '0000000002', '1', 'VNTMCL02T12A403A', '2022-07-12', '2022-07-16');
INSERT INTO public.ricovero VALUES ('cardiologia', '0000000003', '2', 'VNTMCL02T12A403A', '2019-09-09', '2019-09-16');




INSERT INTO public.patologia VALUES ('insufficienza tricuspidale', 'cardiologia', '0000000003', '2', 'VNTMCL02T12A403A', '2019-09-09');
INSERT INTO public.patologia VALUES ('varicocene', 'chirurgia vascolare', '0000000002', '1', 'VNTMCL02T12A403A', '2022-07-12');
INSERT INTO public.patologia VALUES ('presenza di noduli al seno', 'chirurgia senologica', '0000000001', '2', 'BLUFMN98B27A982P', '2009-09-11');
INSERT INTO public.patologia VALUES ('tumore alla mammella', 'medicina nucleare', '0000000001', '3', 'BLUFMN98B27A982P', '2004-05-31');




INSERT INTO public.pazientedimesso VALUES ('RSSSRG68E09C226Y', '2014-01-27');
INSERT INTO public.pazientedimesso VALUES ('GLLMRA94C62F205K', '2016-09-25');
INSERT INTO public.pazientedimesso VALUES ('QTTGLI88C02F205N', '2009-05-20');
INSERT INTO public.pazientedimesso VALUES ('TRRLBN49P09A403R', '2017-07-12');
INSERT INTO public.pazientedimesso VALUES ('RGDVGL53S21A982C', '2018-08-10');
INSERT INTO public.pazientedimesso VALUES ('FLCMLS07B11A982C', '2022-04-25');
INSERT INTO public.pazientedimesso VALUES ('BLHHBD12L62Z302O', '2017-08-09');




INSERT INTO public.pazientericoverato VALUES ('VNTMCL02T12A403A');
INSERT INTO public.pazientericoverato VALUES ('BLUFMN98B27A982P');



INSERT INTO public.personaleamministrativo VALUES ('AMRP0000000');
INSERT INTO public.personaleamministrativo VALUES ('AMRP00000018');
INSERT INTO public.personaleamministrativo VALUES ('AMRP00000036');
INSERT INTO public.personaleamministrativo VALUES ('AMRP00000037');
INSERT INTO public.personaleamministrativo VALUES ('AMRP00000049');
INSERT INTO public.personaleamministrativo VALUES ('AMRP00000053');
INSERT INTO public.personaleamministrativo VALUES ('AMRP00000057');
INSERT INTO public.personaleamministrativo VALUES ('AMRP00000062');
INSERT INTO public.personaleamministrativo VALUES ('AMRP00000063');
INSERT INTO public.personaleamministrativo VALUES ('AMRP00000064');
INSERT INTO public.personaleamministrativo VALUES ('AMRP00000069');
INSERT INTO public.personaleamministrativo VALUES ('AMRP00000075');
INSERT INTO public.personaleamministrativo VALUES ('AMRP0000008');
INSERT INTO public.personaleamministrativo VALUES ('AMRP00000083');
INSERT INTO public.personaleamministrativo VALUES ('AMRP00000084');
INSERT INTO public.personaleamministrativo VALUES ('AMRP00000090');
INSERT INTO public.personaleamministrativo VALUES ('AMRP10000000');



INSERT INTO public.personalemedico VALUES ('MDRP0000001', 25);
INSERT INTO public.personalemedico VALUES ('MDRP00000010', 5);
INSERT INTO public.personalemedico VALUES ('MDRP00000012', 20);
INSERT INTO public.personalemedico VALUES ('MDRP00000014', 22);
INSERT INTO public.personalemedico VALUES ('MDRP00000023', 11);
INSERT INTO public.personalemedico VALUES ('MDRP00000024', 4);
INSERT INTO public.personalemedico VALUES ('MDRP0000003', 7);
INSERT INTO public.personalemedico VALUES ('MDRP00000031', 27);
INSERT INTO public.personalemedico VALUES ('MDRP00000033', 7);
INSERT INTO public.personalemedico VALUES ('MDRP00000039', 25);
INSERT INTO public.personalemedico VALUES ('MDRP0000004', 15);
INSERT INTO public.personalemedico VALUES ('MDRP00000040', 24);
INSERT INTO public.personalemedico VALUES ('MDRP00000042', 6);
INSERT INTO public.personalemedico VALUES ('MDRP00000045', 3);
INSERT INTO public.personalemedico VALUES ('MDRP00000052', 29);
INSERT INTO public.personalemedico VALUES ('MDRP00000078', 15);
INSERT INTO public.personalemedico VALUES ('MDRP00000099', 22);
INSERT INTO public.personalemedico VALUES ('PRRP00000015', 4);
INSERT INTO public.personalemedico VALUES ('PRRP00000026', 27);
INSERT INTO public.personalemedico VALUES ('PRRP00000034', 21);
INSERT INTO public.personalemedico VALUES ('PRRP00000041', 30);
INSERT INTO public.personalemedico VALUES ('PRRP00000046', 28);
INSERT INTO public.personalemedico VALUES ('PRRP00000051', 29);
INSERT INTO public.personalemedico VALUES ('PRRP00000056', 13);
INSERT INTO public.personalemedico VALUES ('PRRP00000067', 17);
INSERT INTO public.personalemedico VALUES ('PRRP00000070', 29);
INSERT INTO public.personalemedico VALUES ('PRRP00000071', 16);
INSERT INTO public.personalemedico VALUES ('PRRP00000073', 16);
INSERT INTO public.personalemedico VALUES ('PRRP0000009', 5);
INSERT INTO public.personalemedico VALUES ('PRRP00000091', 25);
INSERT INTO public.personalemedico VALUES ('PRRP00000092', 8);
INSERT INTO public.personalemedico VALUES ('PRRP00000093', 15);
INSERT INTO public.personalemedico VALUES ('PRRP00000097', 27);
INSERT INTO public.personalemedico VALUES ('VPRP00000011', 20);
INSERT INTO public.personalemedico VALUES ('VPRP00000013', 2);
INSERT INTO public.personalemedico VALUES ('VPRP00000016', 21);
INSERT INTO public.personalemedico VALUES ('VPRP00000017', 16);
INSERT INTO public.personalemedico VALUES ('VPRP00000020', 30);
INSERT INTO public.personalemedico VALUES ('VPRP00000038', 11);
INSERT INTO public.personalemedico VALUES ('VPRP00000043', 17);
INSERT INTO public.personalemedico VALUES ('VPRP00000048', 27);
INSERT INTO public.personalemedico VALUES ('VPRP0000005', 24);
INSERT INTO public.personalemedico VALUES ('VPRP00000054', 4);
INSERT INTO public.personalemedico VALUES ('VPRP00000055', 11);
INSERT INTO public.personalemedico VALUES ('VPRP00000059', 11);
INSERT INTO public.personalemedico VALUES ('VPRP0000006', 19);
INSERT INTO public.personalemedico VALUES ('VPRP00000066', 29);
INSERT INTO public.personalemedico VALUES ('VPRP0000007', 9);
INSERT INTO public.personalemedico VALUES ('VPRP00000072', 29);
INSERT INTO public.personalemedico VALUES ('VPRP00000077', 9);
INSERT INTO public.personalemedico VALUES ('VPRP00000081', 8);
INSERT INTO public.personalemedico VALUES ('VPRP00000082', 7);
INSERT INTO public.personalemedico VALUES ('VPRP00000094', 10);
INSERT INTO public.personalemedico VALUES ('VPRP00000095', 11);
INSERT INTO public.personalemedico VALUES ('VPRP00000096', 31);
INSERT INTO public.personalemedico VALUES ('PRRP11111111', 2);
INSERT INTO public.personalemedico VALUES ('VPRP11111111', 2);
INSERT INTO public.personalemedico VALUES ('PRRP10000000', NULL);
INSERT INTO public.personalemedico VALUES ('VPRP10000000', NULL);
INSERT INTO public.personalemedico VALUES ('MDRP10000000', NULL);



INSERT INTO public.prontosoccorso VALUES ('Via Ettore Majorana, 20162 Milano MI', '0000000004', 12, 18, 'in attività');
INSERT INTO public.prontosoccorso VALUES ('Via S. Vigilio, 24, 20142 Milano MI', '0000000006', 4, 7, 'in attività');
INSERT INTO public.prontosoccorso VALUES ('Via S. Barnaba, 8, 20122 Milano MI', '0000000008', 8, 14, 'in attività');
INSERT INTO public.prontosoccorso VALUES ('Via Castelfidardo, 14, 20121 Milano MI', '0000000003', 6, 9, 'in attività');
INSERT INTO public.prontosoccorso VALUES ('Via Giovanni Battista Grassi, 74, 20157 Milano MI', '0000000003', 5, 8, 'in attività');
INSERT INTO public.prontosoccorso VALUES ('Via Pio II, 3, 20153 Milano MI', '0000000005', 8, 12, 'in attività');



INSERT INTO public.personaleps VALUES ('MDPS0001', 'mario', 'rossi', '1972-09-13', 'Via Giovanni Battista Grassi, 74, 20157 Milano MI', '0000000003');
INSERT INTO public.personaleps VALUES ('MDPS0002', 'maria', 'rossi', '1967-09-12', 'Via Giovanni Battista Grassi, 74, 20157 Milano MI', '0000000003');
INSERT INTO public.personaleps VALUES ('MDPS0003', 'luca', 'verdi', '1972-08-13', 'Via Giovanni Battista Grassi, 74, 20157 Milano MI', '0000000003');
INSERT INTO public.personaleps VALUES ('MDPS0004', 'luciano', 'rossastro', '1978-09-01', 'Via Giovanni Battista Grassi, 74, 20157 Milano MI', '0000000003');
INSERT INTO public.personaleps VALUES ('MDPS0005', 'alberto', 'bianchi', '1979-11-21', 'Via Giovanni Battista Grassi, 74, 20157 Milano MI', '0000000003');
INSERT INTO public.personaleps VALUES ('MDPS0006', 'alessandro', 'bianchi', '1962-07-31', 'Via Ettore Majorana, 20162 Milano MI', '0000000004');
INSERT INTO public.personaleps VALUES ('MDPS0007', 'mario', 'verdi', '1977-08-13', 'Via Ettore Majorana, 20162 Milano MI', '0000000004');
INSERT INTO public.personaleps VALUES ('MDPS0008', 'aloisio', 'argenti', '1982-10-12', 'Via Ettore Majorana, 20162 Milano MI', '0000000004');
INSERT INTO public.personaleps VALUES ('MDPS0009', 'mohamed', 'hamhal', '1992-06-16', 'Via Ettore Majorana, 20162 Milano MI', '0000000004');
INSERT INTO public.personaleps VALUES ('MDPS0010', 'ronald', 'red', '1992-07-17', 'Via Ettore Majorana, 20162 Milano MI', '0000000004');
INSERT INTO public.personaleps VALUES ('MDPS0011', 'ivan', 'bluastri', '1991-09-19', 'Via Ettore Majorana, 20162 Milano MI', '0000000004');
INSERT INTO public.personaleps VALUES ('MDPS0012', 'ivano', 'sottaceto', '1977-07-17', 'Via Ettore Majorana, 20162 Milano MI', '0000000004');
INSERT INTO public.personaleps VALUES ('MDPS0013', 'antonio', 'rossoverdognolo', '1982-08-18', 'Via Ettore Majorana, 20162 Milano MI', '0000000004');
INSERT INTO public.personaleps VALUES ('MDPS0014', 'paolo', 'blu', '1978-08-23', 'Via Ettore Majorana, 20162 Milano MI', '0000000004');
INSERT INTO public.personaleps VALUES ('MDPS0015', 'paola', 'rossi', '1971-01-12', 'Via Ettore Majorana, 20162 Milano MI', '0000000004');
INSERT INTO public.personaleps VALUES ('MDPS0016', 'maria', 'fiabeschi', '1973-03-13', 'Via Ettore Majorana, 20162 Milano MI', '0000000004');
INSERT INTO public.personaleps VALUES ('MDPS0017', 'luciano', 'semprerosso', '1972-09-13', 'Via Ettore Majorana, 20162 Milano MI', '0000000004');
INSERT INTO public.personaleps VALUES ('MDPS0018', 'alessio', 'mairosso', '1989-09-19', 'Via Ettore Majorana, 20162 Milano MI', '0000000004');
INSERT INTO public.personaleps VALUES ('MDPS0019', 'alessandro', 'maiblu', '1981-09-20', 'Via Pio II, 3, 20153 Milano MI', '0000000005');
INSERT INTO public.personaleps VALUES ('MDPS0020', 'luciano', 'maiverde', '1989-08-21', 'Via Pio II, 3, 20153 Milano MI', '0000000005');
INSERT INTO public.personaleps VALUES ('MDPS0021', 'antonio', 'maigiallo', '1982-04-22', 'Via Pio II, 3, 20153 Milano MI', '0000000005');
INSERT INTO public.personaleps VALUES ('MDPS0022', 'mark', 'neverpink', '1979-05-23', 'Via Pio II, 3, 20153 Milano MI', '0000000005');
INSERT INTO public.personaleps VALUES ('MDPS0023', 'manuel', 'semprerosso', '1969-12-24', 'Via Pio II, 3, 20153 Milano MI', '0000000005');
INSERT INTO public.personaleps VALUES ('MDPS0024', 'emanuele', 'sempreblue', '1986-11-29', 'Via Pio II, 3, 20153 Milano MI', '0000000005');
INSERT INTO public.personaleps VALUES ('MDPS0025', 'ottavio', 'sempreoro', '1988-10-12', 'Via Pio II, 3, 20153 Milano MI', '0000000005');
INSERT INTO public.personaleps VALUES ('MDPS0026', 'annibale', 'semprebronzo', '1992-01-15', 'Via Pio II, 3, 20153 Milano MI', '0000000005');
INSERT INTO public.personaleps VALUES ('MDPS0027', 'annibale', 'semprebronzo', '1989-02-16', 'Via S. Vigilio, 24, 20142 Milano MI', '0000000006');
INSERT INTO public.personaleps VALUES ('MDPS0028', 'scipione', 'sempreargento', '1990-04-15', 'Via S. Vigilio, 24, 20142 Milano MI', '0000000006');
INSERT INTO public.personaleps VALUES ('MDPS0029', 'enea', 'sempreplatino', '1980-06-17', 'Via S. Vigilio, 24, 20142 Milano MI', '0000000006');
INSERT INTO public.personaleps VALUES ('MDPS0030', 'noemi', 'semprerubino', '1979-08-19', 'Via S. Vigilio, 24, 20142 Milano MI', '0000000006');
INSERT INTO public.personaleps VALUES ('MDPS0031', 'annachiara', 'rosso', '1982-02-15', 'Via S. Barnaba, 8, 20122 Milano MI', '0000000008');
INSERT INTO public.personaleps VALUES ('MDPS0032', 'annascura', 'rossi', '1989-04-16', 'Via S. Barnaba, 8, 20122 Milano MI', '0000000008');
INSERT INTO public.personaleps VALUES ('MDPS0033', 'annatrasparente', 'verdi', '1979-03-17', 'Via S. Barnaba, 8, 20122 Milano MI', '0000000008');
INSERT INTO public.personaleps VALUES ('MDPS0034', 'luca', 'verdissimo', '1969-07-18', 'Via S. Barnaba, 8, 20122 Milano MI', '0000000008');
INSERT INTO public.personaleps VALUES ('MDPS0035', 'mario', 'verdognolo', '1986-07-19', 'Via S. Barnaba, 8, 20122 Milano MI', '0000000008');
INSERT INTO public.personaleps VALUES ('MDPS0036', 'giorndano', 'bluetto', '1987-09-11', 'Via S. Barnaba, 8, 20122 Milano MI', '0000000008');
INSERT INTO public.personaleps VALUES ('MDPS0037', 'vigilio', 'bluastro', '1977-11-11', 'Via S. Barnaba, 8, 20122 Milano MI', '0000000008');
INSERT INTO public.personaleps VALUES ('MDPS0038', 'federico', 'blunotte', '1967-02-12', 'Via S. Barnaba, 8, 20122 Milano MI', '0000000008');
INSERT INTO public.personaleps VALUES ('MDPS0039', 'brenardo', 'arancio', '1993-11-13', 'Via S. Barnaba, 8, 20122 Milano MI', '0000000008');
INSERT INTO public.personaleps VALUES ('MDPS0040', 'silvano', 'arancione', '1995-11-15', 'Via S. Barnaba, 8, 20122 Milano MI', '0000000008');
INSERT INTO public.personaleps VALUES ('MDPS0041', 'silvio', 'arancione', '1995-10-25', 'Via Castelfidardo, 14, 20121 Milano MI', '0000000003');
INSERT INTO public.personaleps VALUES ('MDPS0042', 'bruto', 'arancione', '1995-01-23', 'Via Castelfidardo, 14, 20121 Milano MI', '0000000003');
INSERT INTO public.personaleps VALUES ('MDPS0043', 'cassio', 'arancione', '1995-01-12', 'Via Castelfidardo, 14, 20121 Milano MI', '0000000003');
INSERT INTO public.personaleps VALUES ('MDPS0044', 'cesare', 'arancione', '1995-02-24', 'Via Castelfidardo, 14, 20121 Milano MI', '0000000003');
INSERT INTO public.personaleps VALUES ('MDPS0045', 'gilberto', 'arancione', '1995-09-30', 'Via Castelfidardo, 14, 20121 Milano MI', '0000000003');
INSERT INTO public.personaleps VALUES ('MDPS0046', 'gingertorige', 'arancione', '1995-10-29', 'Via Castelfidardo, 14, 20121 Milano MI', '0000000003');
INSERT INTO public.personaleps VALUES ('PMPS0047', 'maria', 'rossa', '1972-09-13', 'Via Giovanni Battista Grassi, 74, 20157 Milano MI', '0000000003');
INSERT INTO public.personaleps VALUES ('PMPS0048', 'ferruccio', 'rosso', '1982-08-14', 'Via Giovanni Battista Grassi, 74, 20157 Milano MI', '0000000003');
INSERT INTO public.personaleps VALUES ('PMPS0049', 'franco', 'rossi', '1992-07-15', 'Via Giovanni Battista Grassi, 74, 20157 Milano MI', '0000000003');
INSERT INTO public.personaleps VALUES ('PMPS0050', 'alessandro', 'rosa', '1982-05-11', 'Via Ettore Majorana, 20162 Milano MI', '0000000004');
INSERT INTO public.personaleps VALUES ('PMPS0051', 'marco', 'berde', '1972-06-21', 'Via Ettore Majorana, 20162 Milano MI', '0000000004');
INSERT INTO public.personaleps VALUES ('PMPS0052', 'mirco', 'vianchi', '1966-07-31', 'Via Ettore Majorana, 20162 Milano MI', '0000000004');
INSERT INTO public.personaleps VALUES ('PMPS0053', 'albero', 'rosso', '1969-08-23', 'Via Ettore Majorana, 20162 Milano MI', '0000000004');
INSERT INTO public.personaleps VALUES ('PMPS0054', 'lucio', 'bianconi', '1992-09-15', 'Via Ettore Majorana, 20162 Milano MI', '0000000004');
INSERT INTO public.personaleps VALUES ('PMPS0055', 'alessandro', 'maiblu', '1981-09-21', 'Via Pio II, 3, 20153 Milano MI', '0000000005');
INSERT INTO public.personaleps VALUES ('PMPS0056', 'alessandra', 'mairosa', '1991-08-22', 'Via Pio II, 3, 20153 Milano MI', '0000000005');
INSERT INTO public.personaleps VALUES ('PMPS0057', 'alessia', 'maiverde', '1989-07-20', 'Via Pio II, 3, 20153 Milano MI', '0000000005');
INSERT INTO public.personaleps VALUES ('PMPS0058', 'lucia', 'maigiallo', '1988-06-23', 'Via Pio II, 3, 20153 Milano MI', '0000000005');
INSERT INTO public.personaleps VALUES ('PMPS0059', 'stefania', 'semprerosa', '1969-02-16', 'Via S. Vigilio, 24, 20142 Milano MI', '0000000006');
INSERT INTO public.personaleps VALUES ('PMPS0060', 'marco', 'sempreverde', '1987-04-17', 'Via S. Vigilio, 24, 20142 Milano MI', '0000000006');
INSERT INTO public.personaleps VALUES ('PMPS0061', 'antonella', 'semprebronzetto', '1997-12-26', 'Via S. Vigilio, 24, 20142 Milano MI', '0000000006');
INSERT INTO public.personaleps VALUES ('PMPS0062', 'annachiara', 'verdi', '1986-12-18', 'Via S. Barnaba, 8, 20122 Milano MI', '0000000008');
INSERT INTO public.personaleps VALUES ('PMPS0063', 'luca', 'rossi', '1981-09-16', 'Via S. Barnaba, 8, 20122 Milano MI', '0000000008');
INSERT INTO public.personaleps VALUES ('PMPS0064', 'annamaria', 'rosso', '1998-08-15', 'Via S. Barnaba, 8, 20122 Milano MI', '0000000008');
INSERT INTO public.personaleps VALUES ('PMPS0065', 'luciano', 'rosarolo', '1967-07-17', 'Via S. Barnaba, 8, 20122 Milano MI', '0000000008');
INSERT INTO public.personaleps VALUES ('PMPS0066', 'marco', 'arancione', '1991-11-25', 'Via Castelfidardo, 14, 20121 Milano MI', '0000000003');
INSERT INTO public.personaleps VALUES ('PMPS0067', 'mario', 'verdi', '1990-10-27', 'Via Castelfidardo, 14, 20121 Milano MI', '0000000003');
INSERT INTO public.personaleps VALUES ('PMPS0068', 'maria', 'bianco', '1989-12-22', 'Via Castelfidardo, 14, 20121 Milano MI', '0000000003');




INSERT INTO public.personalemedicops VALUES ('MDPS0001');
INSERT INTO public.personalemedicops VALUES ('MDPS0002');
INSERT INTO public.personalemedicops VALUES ('MDPS0003');
INSERT INTO public.personalemedicops VALUES ('MDPS0004');
INSERT INTO public.personalemedicops VALUES ('MDPS0005');
INSERT INTO public.personalemedicops VALUES ('MDPS0006');
INSERT INTO public.personalemedicops VALUES ('MDPS0007');
INSERT INTO public.personalemedicops VALUES ('MDPS0008');
INSERT INTO public.personalemedicops VALUES ('MDPS0009');
INSERT INTO public.personalemedicops VALUES ('MDPS0010');
INSERT INTO public.personalemedicops VALUES ('MDPS0011');
INSERT INTO public.personalemedicops VALUES ('MDPS0012');
INSERT INTO public.personalemedicops VALUES ('MDPS0013');
INSERT INTO public.personalemedicops VALUES ('MDPS0014');
INSERT INTO public.personalemedicops VALUES ('MDPS0015');
INSERT INTO public.personalemedicops VALUES ('MDPS0016');
INSERT INTO public.personalemedicops VALUES ('MDPS0017');
INSERT INTO public.personalemedicops VALUES ('MDPS0018');
INSERT INTO public.personalemedicops VALUES ('MDPS0019');
INSERT INTO public.personalemedicops VALUES ('MDPS0020');
INSERT INTO public.personalemedicops VALUES ('MDPS0021');
INSERT INTO public.personalemedicops VALUES ('MDPS0022');
INSERT INTO public.personalemedicops VALUES ('MDPS0023');
INSERT INTO public.personalemedicops VALUES ('MDPS0024');
INSERT INTO public.personalemedicops VALUES ('MDPS0025');
INSERT INTO public.personalemedicops VALUES ('MDPS0026');
INSERT INTO public.personalemedicops VALUES ('MDPS0027');
INSERT INTO public.personalemedicops VALUES ('MDPS0028');
INSERT INTO public.personalemedicops VALUES ('MDPS0029');
INSERT INTO public.personalemedicops VALUES ('MDPS0030');
INSERT INTO public.personalemedicops VALUES ('MDPS0031');
INSERT INTO public.personalemedicops VALUES ('MDPS0032');
INSERT INTO public.personalemedicops VALUES ('MDPS0033');
INSERT INTO public.personalemedicops VALUES ('MDPS0034');
INSERT INTO public.personalemedicops VALUES ('MDPS0035');
INSERT INTO public.personalemedicops VALUES ('MDPS0036');
INSERT INTO public.personalemedicops VALUES ('MDPS0037');
INSERT INTO public.personalemedicops VALUES ('MDPS0038');
INSERT INTO public.personalemedicops VALUES ('MDPS0039');
INSERT INTO public.personalemedicops VALUES ('MDPS0040');
INSERT INTO public.personalemedicops VALUES ('MDPS0041');
INSERT INTO public.personalemedicops VALUES ('MDPS0042');
INSERT INTO public.personalemedicops VALUES ('MDPS0043');
INSERT INTO public.personalemedicops VALUES ('MDPS0044');
INSERT INTO public.personalemedicops VALUES ('MDPS0045');
INSERT INTO public.personalemedicops VALUES ('MDPS0046');




INSERT INTO public.personaleparamedico VALUES ('PMRP00000019');
INSERT INTO public.personaleparamedico VALUES ('PMRP0000002');
INSERT INTO public.personaleparamedico VALUES ('PMRP00000021');
INSERT INTO public.personaleparamedico VALUES ('PMRP00000022');
INSERT INTO public.personaleparamedico VALUES ('PMRP00000025');
INSERT INTO public.personaleparamedico VALUES ('PMRP00000027');
INSERT INTO public.personaleparamedico VALUES ('PMRP00000028');
INSERT INTO public.personaleparamedico VALUES ('PMRP00000029');
INSERT INTO public.personaleparamedico VALUES ('PMRP00000030');
INSERT INTO public.personaleparamedico VALUES ('PMRP00000032');
INSERT INTO public.personaleparamedico VALUES ('PMRP00000035');
INSERT INTO public.personaleparamedico VALUES ('PMRP00000044');
INSERT INTO public.personaleparamedico VALUES ('PMRP00000047');
INSERT INTO public.personaleparamedico VALUES ('PMRP00000050');
INSERT INTO public.personaleparamedico VALUES ('PMRP00000058');
INSERT INTO public.personaleparamedico VALUES ('PMRP00000061');
INSERT INTO public.personaleparamedico VALUES ('PMRP00000074');
INSERT INTO public.personaleparamedico VALUES ('PMRP00000085');
INSERT INTO public.personaleparamedico VALUES ('PMRP10000000');




INSERT INTO public.personaleparamedicops VALUES ('PMPS0047');
INSERT INTO public.personaleparamedicops VALUES ('PMPS0048');
INSERT INTO public.personaleparamedicops VALUES ('PMPS0049');
INSERT INTO public.personaleparamedicops VALUES ('PMPS0050');
INSERT INTO public.personaleparamedicops VALUES ('PMPS0051');
INSERT INTO public.personaleparamedicops VALUES ('PMPS0052');
INSERT INTO public.personaleparamedicops VALUES ('PMPS0053');
INSERT INTO public.personaleparamedicops VALUES ('PMPS0054');
INSERT INTO public.personaleparamedicops VALUES ('PMPS0055');
INSERT INTO public.personaleparamedicops VALUES ('PMPS0056');
INSERT INTO public.personaleparamedicops VALUES ('PMPS0057');
INSERT INTO public.personaleparamedicops VALUES ('PMPS0058');
INSERT INTO public.personaleparamedicops VALUES ('PMPS0059');
INSERT INTO public.personaleparamedicops VALUES ('PMPS0060');
INSERT INTO public.personaleparamedicops VALUES ('PMPS0061');
INSERT INTO public.personaleparamedicops VALUES ('PMPS0062');
INSERT INTO public.personaleparamedicops VALUES ('PMPS0063');
INSERT INTO public.personaleparamedicops VALUES ('PMPS0064');
INSERT INTO public.personaleparamedicops VALUES ('PMPS0065');
INSERT INTO public.personaleparamedicops VALUES ('PMPS0066');
INSERT INTO public.personaleparamedicops VALUES ('PMPS0067');
INSERT INTO public.personaleparamedicops VALUES ('PMPS0068');



INSERT INTO public.prenotazione VALUES ('BLHHBD12L62Z302O', 'ST196.17387347', 'PRE2422118', '2021-04-24', '2025-08-17', '11:58:00', 'assistenza sanitaria', '3');
INSERT INTO public.prenotazione VALUES ('QTTGLI88C02F205N', 'ST140.32393976', 'PRE2170916', '1998-11-23', '2001-03-08', '11:06:00', 'assistenza sanitaria', '2');
INSERT INTO public.prenotazione VALUES ('BLHHBD12L62Z302O', 'ES215.00490473', 'PRE1813159', '2020-08-26', '2021-08-07', '11:07:00', 'assistenza sanitaria', '2');
INSERT INTO public.prenotazione VALUES ('RGDVGL53S21A982C', 'ST104.26447915', 'PRE2982026', '1960-10-25', '1966-08-25', '15:07:00', 'assistenza sanitaria', '1');
INSERT INTO public.prenotazione VALUES ('GLLMRA94C62F205K', 'ES242.55749963', 'PRE1440802', '1998-04-09', '1999-04-19', '15:29:00', 'privato', '2');
INSERT INTO public.prenotazione VALUES ('TRRLBN49P09A403R', 'ST147.85519921', 'PRE2384372', '1955-10-08', '1960-02-09', '15:26:00', 'assistenza sanitaria', '3');
INSERT INTO public.prenotazione VALUES ('RSSSRG68E09C226Y', 'ES261.07042555', 'PRE1890192', '1977-05-12', '1978-05-12', '15:44:00', 'assistenza sanitaria', '4');
INSERT INTO public.prenotazione VALUES ('RSSSRG68E09C226Y', 'ST128.70343637', 'PRE2389963', '1975-01-24', '1979-03-09', '12:08:00', 'assistenza sanitaria', '2');
INSERT INTO public.prenotazione VALUES ('FLCMLS07B11A982C', 'ES246.55079586', 'PRE1170883', '2014-12-27', '2015-12-26', '12:04:00', 'assistenza sanitaria', '3');
INSERT INTO public.prenotazione VALUES ('BLUFMN98B27A982P', 'ES274.43910008', 'PRE1354966', '2014-10-22', '2015-10-23', '12:12:00', 'privato', '3');
INSERT INTO public.prenotazione VALUES ('GLLMRA94C62F205K', 'ES242.55749963', 'PRE1658103', '2007-01-18', '2008-01-21', '13:33:00', 'privato', '4');
INSERT INTO public.prenotazione VALUES ('RGDVGL53S21A982C', 'ES221.90137152', 'PRE1685122', '1964-06-17', '1965-06-12', '14:58:00', 'privato', '4');
INSERT INTO public.prenotazione VALUES ('VNTMCL02T12A403A', 'ST166.10156007', 'PRE2279405', '2012-02-07', '2014-12-20', '12:09:00', 'assistenza sanitaria', '2');
INSERT INTO public.prenotazione VALUES ('QTTGLI88C02F205N', 'ES202.75047908', 'PRE1241785', '2003-09-06', '2004-09-19', '12:43:00', 'assistenza sanitaria', '5');
INSERT INTO public.prenotazione VALUES ('RSSSRG68E09C226Y', 'ES261.07042555', 'PRE1790309', '1974-07-10', '1975-07-14', '16:38:00', 'assistenza sanitaria', '1');
INSERT INTO public.prenotazione VALUES ('GLLMRA94C62F205K', 'ST182.96103159', 'PRE2448658', '2003-08-06', '2007-06-09', '11:18:00', 'assistenza sanitaria', '2');
INSERT INTO public.prenotazione VALUES ('TRRLBN49P09A403R', 'ES269.64859529', 'PRE1679646', '1958-06-22', '1959-06-18', '12:18:00', 'assistenza sanitaria', '4');
INSERT INTO public.prenotazione VALUES ('BLUFMN98B27A982P', 'ST113.34293914', 'PRE2053172', '2005-04-07', '2010-05-14', '14:57:00', 'assistenza sanitaria', '1');
INSERT INTO public.prenotazione VALUES ('FLCMLS07B11A982C', 'ST162.86538903', 'PRE2638361', '2015-08-11', '2019-02-14', '13:57:00', 'assistenza sanitaria', '3');
INSERT INTO public.prenotazione VALUES ('VNTMCL02T12A403A', 'ES257.26051859', 'PRE1935897', '2016-03-13', '2017-03-22', '10:35:00', 'privato', '3');



INSERT INTO public.prenotazioneesterno VALUES ('BLHHBD12L62Z302O', 'ES215.00490473', 'PRE1813159', '2020-08-26', 'Via Antonio Cechov, 50, 20151 Milano MI');
INSERT INTO public.prenotazioneesterno VALUES ('TRRLBN49P09A403R', 'ST147.85519921', 'PRE2384372', '1955-10-08', 'Via Celeste Clericetti, 22, 20133 Milano MI');
INSERT INTO public.prenotazioneesterno VALUES ('FLCMLS07B11A982C', 'ES246.55079586', 'PRE1170883', '2014-12-27', 'Viale don Luigi Orione, 2, 20132 Milano MI');
INSERT INTO public.prenotazioneesterno VALUES ('RGDVGL53S21A982C', 'ES221.90137152', 'PRE1685122', '1964-06-17', 'Via Antonio Cechov, 50, 20151 Milano MI');
INSERT INTO public.prenotazioneesterno VALUES ('RSSSRG68E09C226Y', 'ES261.07042555', 'PRE1790309', '1974-07-10', 'Via Celeste Clericetti, 22, 20133 Milano MI');
INSERT INTO public.prenotazioneesterno VALUES ('BLUFMN98B27A982P', 'ST113.34293914', 'PRE2053172', '2005-04-07', 'Viale don Luigi Orione, 2, 20132 Milano MI');



INSERT INTO public.prenotazioneinterno VALUES ('BLHHBD12L62Z302O', 'ST196.17387347', 'PRE2422118', '2021-04-24', '3', 'medicina nucleare', '0000000001');
INSERT INTO public.prenotazioneinterno VALUES ('QTTGLI88C02F205N', 'ST140.32393976', 'PRE2170916', '1998-11-23', '2', 'medicina nucleare', '0000000002');
INSERT INTO public.prenotazioneinterno VALUES ('RGDVGL53S21A982C', 'ST104.26447915', 'PRE2982026', '1960-10-25', '2', 'malattie infettive', '0000000003');
INSERT INTO public.prenotazioneinterno VALUES ('GLLMRA94C62F205K', 'ES242.55749963', 'PRE1440802', '1998-04-09', '3', 'cardiologia', '0000000004');
INSERT INTO public.prenotazioneinterno VALUES ('RSSSRG68E09C226Y', 'ES261.07042555', 'PRE1890192', '1977-05-12', '1', 'cardiologia', '0000000005');
INSERT INTO public.prenotazioneinterno VALUES ('RSSSRG68E09C226Y', 'ST128.70343637', 'PRE2389963', '1975-01-24', '1', 'medicina nucleare', '0000000005');
INSERT INTO public.prenotazioneinterno VALUES ('BLUFMN98B27A982P', 'ES274.43910008', 'PRE1354966', '2014-10-22', '2', 'medicina nucleare', '0000000006');
INSERT INTO public.prenotazioneinterno VALUES ('GLLMRA94C62F205K', 'ES242.55749963', 'PRE1658103', '2007-01-18', '2', 'chirurgia vascolare', '0000000008');
INSERT INTO public.prenotazioneinterno VALUES ('VNTMCL02T12A403A', 'ST166.10156007', 'PRE2279405', '2012-02-07', '1', 'malattie infettive', '0000000009');
INSERT INTO public.prenotazioneinterno VALUES ('QTTGLI88C02F205N', 'ES202.75047908', 'PRE1241785', '2003-09-06', '2', 'chirurgia vascolare', '0000000010');
INSERT INTO public.prenotazioneinterno VALUES ('GLLMRA94C62F205K', 'ST182.96103159', 'PRE2448658', '2003-08-06', '1', 'chirurgia senologica', '0000000011');
INSERT INTO public.prenotazioneinterno VALUES ('TRRLBN49P09A403R', 'ES269.64859529', 'PRE1679646', '1958-06-22', '1', 'chirurgia senologica', '0000000012');


INSERT INTO public.prescrizione VALUES ('NP_:899823', 'RSSSRG68E09C226Y', 'MDRP00000023', 'ES261.07042555');
INSERT INTO public.prescrizione VALUES ('NP_:143785', 'RSSSRG68E09C226Y', 'MDRP00000023', 'ES261.07042555');
INSERT INTO public.prescrizione VALUES ('NP_:454175', 'GLLMRA94C62F205K', 'MDRP00000039', 'ES242.55749963');
INSERT INTO public.prescrizione VALUES ('NP_:707441', 'GLLMRA94C62F205K', 'MDRP00000039', 'ES242.55749963');
INSERT INTO public.prescrizione VALUES ('NP_:609546', 'QTTGLI88C02F205N', 'MDRP00000052', 'ES202.75047908');
INSERT INTO public.prescrizione VALUES ('NP_:533265', 'VNTMCL02T12A403A', 'PRRP00000034', 'ES257.26051859');
INSERT INTO public.prescrizione VALUES ('NP_:179781', 'TRRLBN49P09A403R', 'PRRP00000067', 'ES269.64859529');
INSERT INTO public.prescrizione VALUES ('NP_:167751', 'RGDVGL53S21A982C', 'PRRP00000091', 'ES221.90137152');
INSERT INTO public.prescrizione VALUES ('NP_:399363', 'FLCMLS07B11A982C', 'VPRP00000013', 'ES246.55079586');
INSERT INTO public.prescrizione VALUES ('NP_:447309', 'BLUFMN98B27A982P', 'VPRP00000043', 'ES274.43910008');
INSERT INTO public.prescrizione VALUES ('NP_:653809', 'BLHHBD12L62Z302O', 'VPRP00000059', 'ES215.00490473');




INSERT INTO public.primari_ind VALUES ('PRRP00000015', NULL, NULL, 1);
INSERT INTO public.primari_ind VALUES ('PRRP00000026', NULL, NULL, 2);
INSERT INTO public.primari_ind VALUES ('PRRP00000034', NULL, NULL, 3);
INSERT INTO public.primari_ind VALUES ('PRRP00000041', NULL, NULL, 4);
INSERT INTO public.primari_ind VALUES ('PRRP00000046', NULL, NULL, 5);
INSERT INTO public.primari_ind VALUES ('PRRP00000051', NULL, NULL, 6);
INSERT INTO public.primari_ind VALUES ('PRRP00000056', NULL, NULL, 7);
INSERT INTO public.primari_ind VALUES ('PRRP00000067', NULL, NULL, 8);
INSERT INTO public.primari_ind VALUES ('PRRP00000070', NULL, NULL, 9);
INSERT INTO public.primari_ind VALUES ('PRRP00000071', NULL, NULL, 10);
INSERT INTO public.primari_ind VALUES ('PRRP00000073', NULL, NULL, 11);
INSERT INTO public.primari_ind VALUES ('PRRP0000009', NULL, NULL, 12);
INSERT INTO public.primari_ind VALUES ('PRRP00000091', NULL, NULL, 13);
INSERT INTO public.primari_ind VALUES ('PRRP00000092', NULL, NULL, 14);
INSERT INTO public.primari_ind VALUES ('PRRP00000093', NULL, NULL, 15);
INSERT INTO public.primari_ind VALUES ('PRRP00000097', NULL, NULL, 16);




INSERT INTO public.primario VALUES ('PRRP10000000', NULL, NULL);
INSERT INTO public.primario VALUES ('PRRP00000015', 'cardiologia', '0000000001');
INSERT INTO public.primario VALUES ('PRRP00000026', 'malattie infettive', '0000000001');
INSERT INTO public.primario VALUES ('PRRP00000034', 'cardiologia', '0000000002');
INSERT INTO public.primario VALUES ('PRRP00000041', 'medicina nucleare', '0000000002');
INSERT INTO public.primario VALUES ('PRRP00000046', 'malattie infettive', '0000000003');
INSERT INTO public.primario VALUES ('PRRP00000051', 'chirurgia vascolare', '0000000004');
INSERT INTO public.primario VALUES ('PRRP00000056', 'malattie infettive', '0000000004');
INSERT INTO public.primario VALUES ('PRRP00000067', 'chirurgia senologica', '0000000005');
INSERT INTO public.primario VALUES ('PRRP00000070', 'medicina nucleare', '0000000005');
INSERT INTO public.primario VALUES ('PRRP00000071', 'malattie infettive', '0000000006');
INSERT INTO public.primario VALUES ('PRRP00000073', 'cardiologia', '0000000007');
INSERT INTO public.primario VALUES ('PRRP0000009', 'malattie infettive', '0000000007');
INSERT INTO public.primario VALUES ('PRRP00000091', 'cardiologia', '0000000008');
INSERT INTO public.primario VALUES ('PRRP00000092', 'medicina nucleare', '0000000008');
INSERT INTO public.primario VALUES ('PRRP00000093', 'malattie infettive', '0000000009');
INSERT INTO public.primario VALUES ('PRRP00000097', 'chirurgia senologica', '0000000010');
INSERT INTO public.primario VALUES ('PRRP11111111', NULL, NULL);




INSERT INTO public.reparti_indicizzati VALUES ('cardiologia', '0000000001', 'in attività', 1);
INSERT INTO public.reparti_indicizzati VALUES ('medicina nucleare', '0000000001', 'in attività', 2);
INSERT INTO public.reparti_indicizzati VALUES ('chirurgia senologica', '0000000001', 'in attività', 3);
INSERT INTO public.reparti_indicizzati VALUES ('malattie infettive', '0000000001', 'in attività', 4);
INSERT INTO public.reparti_indicizzati VALUES ('chirurgia vascolare', '0000000001', 'in attività', 5);
INSERT INTO public.reparti_indicizzati VALUES ('chirurgia senologica', '0000000002', 'in attività', 6);
INSERT INTO public.reparti_indicizzati VALUES ('cardiologia', '0000000002', 'in attività', 7);
INSERT INTO public.reparti_indicizzati VALUES ('chirurgia vascolare', '0000000002', 'in attività', 8);
INSERT INTO public.reparti_indicizzati VALUES ('malattie infettive', '0000000002', 'in attività', 9);
INSERT INTO public.reparti_indicizzati VALUES ('medicina nucleare', '0000000002', 'in attività', 10);
INSERT INTO public.reparti_indicizzati VALUES ('chirurgia vascolare', '0000000003', 'in attività', 11);
INSERT INTO public.reparti_indicizzati VALUES ('chirurgia senologica', '0000000003', 'in attività', 12);
INSERT INTO public.reparti_indicizzati VALUES ('malattie infettive', '0000000003', 'in attività', 13);
INSERT INTO public.reparti_indicizzati VALUES ('cardiologia', '0000000003', 'in attività', 14);
INSERT INTO public.reparti_indicizzati VALUES ('medicina nucleare', '0000000003', 'in attività', 15);
INSERT INTO public.reparti_indicizzati VALUES ('chirurgia vascolare', '0000000004', 'in attività', 16);
INSERT INTO public.reparti_indicizzati VALUES ('chirurgia senologica', '0000000004', 'in attività', 17);
INSERT INTO public.reparti_indicizzati VALUES ('cardiologia', '0000000004', 'in attività', 18);
INSERT INTO public.reparti_indicizzati VALUES ('malattie infettive', '0000000004', 'in attività', 19);
INSERT INTO public.reparti_indicizzati VALUES ('medicina nucleare', '0000000004', 'in attività', 20);
INSERT INTO public.reparti_indicizzati VALUES ('cardiologia', '0000000005', 'in attività', 21);
INSERT INTO public.reparti_indicizzati VALUES ('chirurgia senologica', '0000000005', 'in attività', 22);
INSERT INTO public.reparti_indicizzati VALUES ('chirurgia vascolare', '0000000005', 'in attività', 23);
INSERT INTO public.reparti_indicizzati VALUES ('malattie infettive', '0000000005', 'in attività', 24);
INSERT INTO public.reparti_indicizzati VALUES ('medicina nucleare', '0000000005', 'in attività', 25);
INSERT INTO public.reparti_indicizzati VALUES ('chirurgia senologica', '0000000006', 'in attività', 26);
INSERT INTO public.reparti_indicizzati VALUES ('chirurgia vascolare', '0000000006', 'in attività', 27);
INSERT INTO public.reparti_indicizzati VALUES ('malattie infettive', '0000000006', 'in attività', 28);
INSERT INTO public.reparti_indicizzati VALUES ('medicina nucleare', '0000000006', 'in attività', 29);
INSERT INTO public.reparti_indicizzati VALUES ('cardiologia', '0000000006', 'in attività', 30);
INSERT INTO public.reparti_indicizzati VALUES ('cardiologia', '0000000007', 'chiuso', 31);
INSERT INTO public.reparti_indicizzati VALUES ('chirurgia senologica', '0000000007', 'chiuso', 32);
INSERT INTO public.reparti_indicizzati VALUES ('chirurgia vascolare', '0000000007', 'chiuso', 33);
INSERT INTO public.reparti_indicizzati VALUES ('malattie infettive', '0000000007', 'chiuso', 34);
INSERT INTO public.reparti_indicizzati VALUES ('medicina nucleare', '0000000007', 'chiuso', 35);
INSERT INTO public.reparti_indicizzati VALUES ('chirurgia senologica', '0000000008', 'in attività', 36);
INSERT INTO public.reparti_indicizzati VALUES ('cardiologia', '0000000008', 'in attività', 37);
INSERT INTO public.reparti_indicizzati VALUES ('chirurgia vascolare', '0000000008', 'in attività', 38);
INSERT INTO public.reparti_indicizzati VALUES ('malattie infettive', '0000000008', 'in attività', 39);
INSERT INTO public.reparti_indicizzati VALUES ('medicina nucleare', '0000000008', 'in attività', 40);
INSERT INTO public.reparti_indicizzati VALUES ('chirurgia vascolare', '0000000009', 'in attività', 41);
INSERT INTO public.reparti_indicizzati VALUES ('chirurgia senologica', '0000000009', 'in attività', 42);
INSERT INTO public.reparti_indicizzati VALUES ('malattie infettive', '0000000009', 'in attività', 43);
INSERT INTO public.reparti_indicizzati VALUES ('cardiologia', '0000000009', 'in attività', 44);
INSERT INTO public.reparti_indicizzati VALUES ('medicina nucleare', '0000000009', 'in attività', 45);
INSERT INTO public.reparti_indicizzati VALUES ('chirurgia senologica', '0000000010', 'in attività', 46);
INSERT INTO public.reparti_indicizzati VALUES ('cardiologia', '0000000010', 'in attività', 47);
INSERT INTO public.reparti_indicizzati VALUES ('chirurgia vascolare', '0000000010', 'in attività', 48);
INSERT INTO public.reparti_indicizzati VALUES ('malattie infettive', '0000000010', 'in attività', 49);
INSERT INTO public.reparti_indicizzati VALUES ('medicina nucleare', '0000000010', 'in attività', 50);
INSERT INTO public.reparti_indicizzati VALUES ('cardiologia', '0000000011', 'in attività', 51);
INSERT INTO public.reparti_indicizzati VALUES ('medicina nucleare', '0000000011', 'in attività', 52);
INSERT INTO public.reparti_indicizzati VALUES ('malattie infettive', '0000000011', 'in attività', 53);
INSERT INTO public.reparti_indicizzati VALUES ('chirurgia vascolare', '0000000011', 'in attività', 54);
INSERT INTO public.reparti_indicizzati VALUES ('chirurgia senologica', '0000000011', 'in attività', 55);
INSERT INTO public.reparti_indicizzati VALUES ('chirurgia senologica', '0000000012', 'in attività', 56);
INSERT INTO public.reparti_indicizzati VALUES ('chirurgia vascolare', '0000000012', 'in attività', 57);
INSERT INTO public.reparti_indicizzati VALUES ('malattie infettive', '0000000012', 'in attività', 58);
INSERT INTO public.reparti_indicizzati VALUES ('medicina nucleare', '0000000012', 'in attività', 59);
INSERT INTO public.reparti_indicizzati VALUES ('cardiologia', '0000000012', 'in attività', 60);




INSERT INTO public.viceprimario VALUES ('VPRP00000011', '2001-05-08', 'cardiologia', '0000000001');
INSERT INTO public.viceprimario VALUES ('VPRP00000013', '1976-05-01', 'chirurgia senologica', '0000000001');
INSERT INTO public.viceprimario VALUES ('VPRP00000016', '1993-07-20', 'chirurgia vascolare', '0000000001');
INSERT INTO public.viceprimario VALUES ('VPRP00000017', '2015-03-21', 'cardiologia', '0000000002');
INSERT INTO public.viceprimario VALUES ('VPRP00000020', '2007-06-13', 'malattie infettive', '0000000002');
INSERT INTO public.viceprimario VALUES ('VPRP00000038', '2008-09-23', 'chirurgia vascolare', '0000000003');
INSERT INTO public.viceprimario VALUES ('VPRP00000043', '1974-05-10', 'malattie infettive', '0000000003');
INSERT INTO public.viceprimario VALUES ('VPRP00000048', '2013-10-28', 'medicina nucleare', '0000000003');
INSERT INTO public.viceprimario VALUES ('VPRP0000005', '1971-08-06', 'chirurgia senologica', '0000000004');
INSERT INTO public.viceprimario VALUES ('VPRP00000054', '1984-11-18', 'malattie infettive', '0000000004');
INSERT INTO public.viceprimario VALUES ('VPRP00000055', '1999-10-27', 'cardiologia', '0000000005');
INSERT INTO public.viceprimario VALUES ('VPRP00000059', '2001-07-18', 'chirurgia vascolare', '0000000005');
INSERT INTO public.viceprimario VALUES ('VPRP0000006', '2009-06-03', 'medicina nucleare', '0000000005');
INSERT INTO public.viceprimario VALUES ('VPRP00000066', '1972-06-15', 'chirurgia vascolare', '0000000006');
INSERT INTO public.viceprimario VALUES ('VPRP0000007', '2005-05-19', 'medicina nucleare', '0000000006');
INSERT INTO public.viceprimario VALUES ('VPRP00000072', '2008-08-26', 'cardiologia', '0000000007');
INSERT INTO public.viceprimario VALUES ('VPRP00000077', '1971-09-11', 'chirurgia vascolare', '0000000007');
INSERT INTO public.viceprimario VALUES ('VPRP00000081', '1986-01-12', 'medicina nucleare', '0000000007');
INSERT INTO public.viceprimario VALUES ('VPRP00000082', '1989-05-12', 'cardiologia', '0000000008');
INSERT INTO public.viceprimario VALUES ('VPRP00000094', '1974-03-13', 'malattie infettive', '0000000008');
INSERT INTO public.viceprimario VALUES ('VPRP00000095', '2010-05-11', 'chirurgia vascolare', '0000000009');
INSERT INTO public.viceprimario VALUES ('VPRP00000096', '1982-06-02', 'malattie infettive', '0000000009');
INSERT INTO public.viceprimario VALUES ('VPRP11111111', NULL, NULL, NULL);
INSERT INTO public.viceprimario VALUES ('VPRP10000000', '2022-07-17', 'malattie infettive', '0000000008');


INSERT INTO public.sostituzione VALUES ('PRRP00000015', 'VPRP00000011', '1999-02-20', '1999-02-27');
INSERT INTO public.sostituzione VALUES ('PRRP00000015', 'VPRP00000011', '2001-11-21', '2002-01-12');
INSERT INTO public.sostituzione VALUES ('PRRP00000070', 'VPRP0000006', '2022-07-11', NULL);
INSERT INTO public.sostituzione VALUES ('PRRP00000046', 'VPRP00000043', '2011-01-19', '2011-01-20');




INSERT INTO public.specialistavario VALUES ('MDRP0000001');
INSERT INTO public.specialistavario VALUES ('MDRP00000010');
INSERT INTO public.specialistavario VALUES ('MDRP00000012');
INSERT INTO public.specialistavario VALUES ('MDRP00000014');
INSERT INTO public.specialistavario VALUES ('MDRP00000023');
INSERT INTO public.specialistavario VALUES ('MDRP00000024');
INSERT INTO public.specialistavario VALUES ('MDRP0000003');
INSERT INTO public.specialistavario VALUES ('MDRP00000031');
INSERT INTO public.specialistavario VALUES ('MDRP00000033');
INSERT INTO public.specialistavario VALUES ('MDRP00000039');
INSERT INTO public.specialistavario VALUES ('MDRP0000004');
INSERT INTO public.specialistavario VALUES ('MDRP00000040');
INSERT INTO public.specialistavario VALUES ('MDRP00000042');
INSERT INTO public.specialistavario VALUES ('MDRP00000045');
INSERT INTO public.specialistavario VALUES ('MDRP00000052');
INSERT INTO public.specialistavario VALUES ('MDRP00000078');
INSERT INTO public.specialistavario VALUES ('MDRP00000099');
INSERT INTO public.specialistavario VALUES ('MDRP10000000');



INSERT INTO public.specializzazione VALUES ('cardiologia', 'PRRP00000015');
INSERT INTO public.specializzazione VALUES ('malattie infettive', 'PRRP00000026');
INSERT INTO public.specializzazione VALUES ('cardiologia', 'PRRP00000034');
INSERT INTO public.specializzazione VALUES ('medicina nucleare', 'PRRP00000041');
INSERT INTO public.specializzazione VALUES ('malattie infettive', 'PRRP00000046');
INSERT INTO public.specializzazione VALUES ('chirurgia vascolare', 'PRRP00000051');
INSERT INTO public.specializzazione VALUES ('malattie infettive', 'PRRP00000056');
INSERT INTO public.specializzazione VALUES ('chirurgia senologica', 'PRRP00000067');
INSERT INTO public.specializzazione VALUES ('medicina nucleare', 'PRRP00000070');
INSERT INTO public.specializzazione VALUES ('malattie infettive', 'PRRP00000071');
INSERT INTO public.specializzazione VALUES ('cardiologia', 'PRRP00000073');
INSERT INTO public.specializzazione VALUES ('malattie infettive', 'PRRP0000009');
INSERT INTO public.specializzazione VALUES ('cardiologia', 'PRRP00000091');
INSERT INTO public.specializzazione VALUES ('medicina nucleare', 'PRRP00000092');
INSERT INTO public.specializzazione VALUES ('malattie infettive', 'PRRP00000093');
INSERT INTO public.specializzazione VALUES ('chirurgia senologica', 'PRRP00000097');
INSERT INTO public.specializzazione VALUES ('cardiochirurgia', 'PRRP00000015');
INSERT INTO public.specializzazione VALUES ('virologia', 'PRRP00000026');
INSERT INTO public.specializzazione VALUES ('cardiologia', 'PRRP00000051');
INSERT INTO public.specializzazione VALUES ('senologia', 'PRRP00000067');




INSERT INTO public.turno VALUES ('lunedì', '08:00:00', '20:00:00', 'MDPS0001');
INSERT INTO public.turno VALUES ('marted', '08:00:00', '20:00:00', 'MDPS0001');
INSERT INTO public.turno VALUES ('mercoledi', '08:00:00', '20:00:00', 'MDPS0001');
INSERT INTO public.turno VALUES ('giovedi', '08:00:00', '20:00:00', 'MDPS0001');
INSERT INTO public.turno VALUES ('venerdi', '08:00:00', '20:00:00', 'MDPS0001');
INSERT INTO public.turno VALUES ('sabato', '08:00:00', '20:00:00', 'MDPS0001');
INSERT INTO public.turno VALUES ('lunedì', '20:00:00', '05:30:00', 'MDPS0002');
INSERT INTO public.turno VALUES ('mercoledi', '20:00:00', '05:30:00', 'MDPS0002');
INSERT INTO public.turno VALUES ('venerdi', '20:00:00', '05:30:00', 'MDPS0002');
INSERT INTO public.turno VALUES ('lunedì', '08:00:00', '20:00:00', 'MDPS0006');
INSERT INTO public.turno VALUES ('marted', '08:00:00', '20:00:00', 'MDPS0006');
INSERT INTO public.turno VALUES ('mercoledi', '08:00:00', '20:00:00', 'MDPS0006');
INSERT INTO public.turno VALUES ('giovedi', '08:00:00', '20:00:00', 'MDPS0006');
INSERT INTO public.turno VALUES ('venerdi', '08:00:00', '20:00:00', 'MDPS0006');
INSERT INTO public.turno VALUES ('sabato', '08:00:00', '20:00:00', 'MDPS0006');
INSERT INTO public.turno VALUES ('lunedì', '20:00:00', '05:30:00', 'MDPS0007');
INSERT INTO public.turno VALUES ('mercoledi', '20:00:00', '05:30:00', 'MDPS0007');
INSERT INTO public.turno VALUES ('venerdi', '20:00:00', '05:30:00', 'MDPS0007');
INSERT INTO public.turno VALUES ('lunedì', '08:00:00', '20:00:00', 'MDPS0019');
INSERT INTO public.turno VALUES ('marted', '08:00:00', '20:00:00', 'MDPS0019');
INSERT INTO public.turno VALUES ('mercoledi', '08:00:00', '20:00:00', 'MDPS0019');
INSERT INTO public.turno VALUES ('giovedi', '08:00:00', '20:00:00', 'MDPS0019');
INSERT INTO public.turno VALUES ('venerdi', '08:00:00', '20:00:00', 'MDPS0019');
INSERT INTO public.turno VALUES ('sabato', '08:00:00', '20:00:00', 'MDPS0019');
INSERT INTO public.turno VALUES ('lunedì', '20:00:00', '05:30:00', 'MDPS0020');
INSERT INTO public.turno VALUES ('mercoledi', '20:00:00', '05:30:00', 'MDPS0020');
INSERT INTO public.turno VALUES ('venerdi', '20:00:00', '05:30:00', 'MDPS0020');
INSERT INTO public.turno VALUES ('lunedì', '08:00:00', '20:00:00', 'MDPS0027');
INSERT INTO public.turno VALUES ('marted', '08:00:00', '20:00:00', 'MDPS0027');
INSERT INTO public.turno VALUES ('mercoledi', '08:00:00', '20:00:00', 'MDPS0027');
INSERT INTO public.turno VALUES ('giovedi', '08:00:00', '20:00:00', 'MDPS0027');
INSERT INTO public.turno VALUES ('venerdi', '08:00:00', '20:00:00', 'MDPS0027');
INSERT INTO public.turno VALUES ('sabato', '08:00:00', '20:00:00', 'MDPS0027');
INSERT INTO public.turno VALUES ('lunedì', '20:00:00', '05:30:00', 'MDPS0028');
INSERT INTO public.turno VALUES ('mercoledi', '20:00:00', '05:30:00', 'MDPS0028');
INSERT INTO public.turno VALUES ('venerdi', '20:00:00', '05:30:00', 'MDPS0028');
INSERT INTO public.turno VALUES ('lunedì', '08:00:00', '20:00:00', 'MDPS0031');
INSERT INTO public.turno VALUES ('marted', '08:00:00', '20:00:00', 'MDPS0031');
INSERT INTO public.turno VALUES ('mercoledi', '08:00:00', '20:00:00', 'MDPS0031');
INSERT INTO public.turno VALUES ('giovedi', '08:00:00', '20:00:00', 'MDPS0031');
INSERT INTO public.turno VALUES ('venerdi', '08:00:00', '20:00:00', 'MDPS0031');
INSERT INTO public.turno VALUES ('sabato', '08:00:00', '20:00:00', 'MDPS0031');
INSERT INTO public.turno VALUES ('lunedì', '20:00:00', '05:30:00', 'MDPS0032');
INSERT INTO public.turno VALUES ('mercoledi', '20:00:00', '05:30:00', 'MDPS0032');
INSERT INTO public.turno VALUES ('venerdi', '20:00:00', '05:30:00', 'MDPS0032');
INSERT INTO public.turno VALUES ('lunedì', '08:00:00', '20:00:00', 'MDPS0041');
INSERT INTO public.turno VALUES ('marted', '08:00:00', '20:00:00', 'MDPS0041');
INSERT INTO public.turno VALUES ('mercoledi', '08:00:00', '20:00:00', 'MDPS0041');
INSERT INTO public.turno VALUES ('giovedi', '08:00:00', '20:00:00', 'MDPS0041');
INSERT INTO public.turno VALUES ('venerdi', '08:00:00', '20:00:00', 'MDPS0041');
INSERT INTO public.turno VALUES ('sabato', '08:00:00', '20:00:00', 'MDPS0041');
INSERT INTO public.turno VALUES ('lunedì', '20:00:00', '05:30:00', 'MDPS0042');
INSERT INTO public.turno VALUES ('mercoledi', '20:00:00', '05:30:00', 'MDPS0042');
INSERT INTO public.turno VALUES ('venerdi', '20:00:00', '05:30:00', 'MDPS0042');
INSERT INTO public.turno VALUES ('lunedì', '08:00:00', '20:00:00', 'PMPS0047');
INSERT INTO public.turno VALUES ('marted', '08:00:00', '20:00:00', 'PMPS0047');
INSERT INTO public.turno VALUES ('mercoledi', '08:00:00', '20:00:00', 'PMPS0047');
INSERT INTO public.turno VALUES ('giovedi', '08:00:00', '20:00:00', 'PMPS0047');
INSERT INTO public.turno VALUES ('venerdi', '08:00:00', '20:00:00', 'PMPS0047');
INSERT INTO public.turno VALUES ('sabato', '08:00:00', '20:00:00', 'PMPS0047');
INSERT INTO public.turno VALUES ('lunedì', '20:00:00', '05:30:00', 'PMPS0048');
INSERT INTO public.turno VALUES ('mercoledi', '20:00:00', '05:30:00', 'PMPS0048');
INSERT INTO public.turno VALUES ('venerdi', '20:00:00', '05:30:00', 'PMPS0048');
INSERT INTO public.turno VALUES ('lunedì', '08:00:00', '20:00:00', 'PMPS0050');
INSERT INTO public.turno VALUES ('marted', '08:00:00', '20:00:00', 'PMPS0050');
INSERT INTO public.turno VALUES ('mercoledi', '08:00:00', '20:00:00', 'PMPS0050');
INSERT INTO public.turno VALUES ('giovedi', '08:00:00', '20:00:00', 'PMPS0050');
INSERT INTO public.turno VALUES ('venerdi', '08:00:00', '20:00:00', 'PMPS0050');
INSERT INTO public.turno VALUES ('sabato', '08:00:00', '20:00:00', 'PMPS0050');
INSERT INTO public.turno VALUES ('lunedì', '20:00:00', '05:30:00', 'PMPS0051');
INSERT INTO public.turno VALUES ('mercoledi', '20:00:00', '05:30:00', 'PMPS0051');
INSERT INTO public.turno VALUES ('venerdi', '20:00:00', '05:30:00', 'PMPS0051');
INSERT INTO public.turno VALUES ('lunedì', '08:00:00', '20:00:00', 'PMPS0060');
INSERT INTO public.turno VALUES ('marted', '08:00:00', '20:00:00', 'PMPS0060');
INSERT INTO public.turno VALUES ('mercoledi', '08:00:00', '20:00:00', 'PMPS0060');
INSERT INTO public.turno VALUES ('giovedi', '08:00:00', '20:00:00', 'PMPS0060');
INSERT INTO public.turno VALUES ('venerdi', '08:00:00', '20:00:00', 'PMPS0060');
INSERT INTO public.turno VALUES ('sabato', '08:00:00', '20:00:00', 'PMPS0060');
INSERT INTO public.turno VALUES ('lunedì', '20:00:00', '05:30:00', 'PMPS0061');
INSERT INTO public.turno VALUES ('mercoledi', '20:00:00', '05:30:00', 'PMPS0061');
INSERT INTO public.turno VALUES ('venerdi', '20:00:00', '05:30:00', 'PMPS0061');
INSERT INTO public.turno VALUES ('lunedì', '08:00:00', '20:00:00', 'PMPS0064');
INSERT INTO public.turno VALUES ('marted', '08:00:00', '20:00:00', 'PMPS0064');
INSERT INTO public.turno VALUES ('mercoledi', '08:00:00', '20:00:00', 'PMPS0064');
INSERT INTO public.turno VALUES ('giovedi', '08:00:00', '20:00:00', 'PMPS0064');
INSERT INTO public.turno VALUES ('venerdi', '08:00:00', '20:00:00', 'PMPS0064');
INSERT INTO public.turno VALUES ('sabato', '08:00:00', '20:00:00', 'PMPS0064');
INSERT INTO public.turno VALUES ('lunedì', '20:00:00', '05:30:00', 'PMPS0065');
INSERT INTO public.turno VALUES ('mercoledi', '20:00:00', '05:30:00', 'PMPS0065');
INSERT INTO public.turno VALUES ('venerdi', '20:00:00', '05:30:00', 'PMPS0065');




INSERT INTO public.viceprimari_ind VALUES ('VPRP00000011', NULL, NULL, NULL, 1);
INSERT INTO public.viceprimari_ind VALUES ('VPRP00000013', NULL, NULL, NULL, 2);
INSERT INTO public.viceprimari_ind VALUES ('VPRP00000016', NULL, NULL, NULL, 3);
INSERT INTO public.viceprimari_ind VALUES ('VPRP00000017', NULL, NULL, NULL, 4);
INSERT INTO public.viceprimari_ind VALUES ('VPRP00000020', NULL, NULL, NULL, 5);
INSERT INTO public.viceprimari_ind VALUES ('VPRP00000038', NULL, NULL, NULL, 6);
INSERT INTO public.viceprimari_ind VALUES ('VPRP00000043', NULL, NULL, NULL, 7);
INSERT INTO public.viceprimari_ind VALUES ('VPRP00000048', NULL, NULL, NULL, 8);
INSERT INTO public.viceprimari_ind VALUES ('VPRP0000005', NULL, NULL, NULL, 9);
INSERT INTO public.viceprimari_ind VALUES ('VPRP00000054', NULL, NULL, NULL, 10);
INSERT INTO public.viceprimari_ind VALUES ('VPRP00000055', NULL, NULL, NULL, 11);
INSERT INTO public.viceprimari_ind VALUES ('VPRP00000059', NULL, NULL, NULL, 12);
INSERT INTO public.viceprimari_ind VALUES ('VPRP0000006', NULL, NULL, NULL, 13);
INSERT INTO public.viceprimari_ind VALUES ('VPRP00000066', NULL, NULL, NULL, 14);
INSERT INTO public.viceprimari_ind VALUES ('VPRP0000007', NULL, NULL, NULL, 15);
INSERT INTO public.viceprimari_ind VALUES ('VPRP00000072', NULL, NULL, NULL, 16);
INSERT INTO public.viceprimari_ind VALUES ('VPRP00000077', NULL, NULL, NULL, 17);
INSERT INTO public.viceprimari_ind VALUES ('VPRP00000081', NULL, NULL, NULL, 18);
INSERT INTO public.viceprimari_ind VALUES ('VPRP00000082', NULL, NULL, NULL, 19);
INSERT INTO public.viceprimari_ind VALUES ('VPRP00000094', NULL, NULL, NULL, 20);
INSERT INTO public.viceprimari_ind VALUES ('VPRP00000095', NULL, NULL, NULL, 21);
INSERT INTO public.viceprimari_ind VALUES ('VPRP00000096', NULL, NULL, NULL, 22);


